Source Port,Fwd Packet Length Max,Total Length of Fwd Packets,Flow Bytes/s,Init_Win_bytes_forward,Destination Port,Protocol,Flow Duration,Fwd Packet Length Std,Flow Packets/s
50040,0.0,0.0,3.592379843875172,-1,443,6,278367,0.0,7.184759687750344
443,0.0,0.0,0.0,-1,50040,6,342182,0.0,8.767264204429223
50041,517.0,958.0,1030.029382678563,-1,443,6,5960995,193.60498678776565,4.361687939681211
443,0.0,0.0,0.0,-1,50034,6,9024804,0.0,0.3324171915534121
443,31.0,31.0,1.0677762354343263,-1,50037,6,29032300,21.920310216782973,0.1377775787657195
443,31.0,31.0,1.0465239655844856,-1,50035,6,29621873,21.920310216782973,0.1350353503979981
443,0.0,0.0,0.0,-1,50033,6,24601684,0.0,0.1219428718782015
443,39.0,78.0,4.571483255075889,-1,50013,6,39374529,0.0,0.2285741627537944
443,24.0,24.0,781.7110013911375,-1,50013,6,0,13.856406460551018,562.7871644774533
443,39.0,39.0,1.3707161906426346,-1,49994,6,29181825,22.516660498395403,0.2056074285963952
49994,0.0,0.0,0.0,-1,443,6,310,0.0,6451.612903225807
443,31.0,31.0,1.0389540748784256,-1,50039,6,29837700,21.920310216782973,0.1340585903068936
50127,662.0,662.0,10919.582283641534,-1,443,6,478315,296.05540022097216,25.088069577579628
50136,674.0,965.0,9192.828310202683,-1,443,6,560872,232.93710831160288,26.74406994822348
443,0.0,0.0,110714.28571428572,-1,50136,6,280,0.0,14285.714285714286
50155,682.0,957.0,33591.077639483745,-1,443,6,173945,224.4448707366689,103.48098536893846
50157,661.0,952.0,18178.6314175126,-1,443,6,342325,228.52883531718396,55.50281165559045
50055,704.0,1422.0,134.787207252746,-1,443,6,61125979,249.46958016674384,0.3762720921001527
443,0.0,0.0,781.7110013911375,-1,50157,6,0,0.0,562.7871644774533
50160,664.0,931.0,6958.819145973369,-1,443,6,1062824,259.92492505849964,16.93601198316937
50160,24.0,24.0,16586.0400829302,-1,443,6,1447,16.97056274847714,2073.255010366275
50170,668.0,1154.0,15375.404895517093,-1,443,6,541189,199.66093986829495,49.89014928241335
443,0.0,0.0,781.7110013911375,-1,50170,6,0,0.0,562.7871644774533
50154,957.0,2414.0,2241.345872677889,-1,443,6,3980644,279.0841868206319,10.299840930261537
443,0.0,0.0,751.5754177024918,-1,50154,6,51891,0.0,96.35582278237074
50173,660.0,935.0,3391.113156414583,-1,443,6,1955700,228.649099526514,9.203865623561896
443,0.0,0.0,166.05867763725283,-1,50173,6,186681,0.0,16.070194610056728
50159,672.0,1021.0,738.1941886832891,-1,443,6,5617763,259.72705453445326,2.3140883657783355
50153,665.0,789.0,886.3501390821781,-1,443,6,5815986,245.9347571245365,2.579098367843389
50164,667.0,771.0,890.5066683852507,-1,443,6,5617027,247.30037644628888,2.8484819460543807
443,24.0,24.0,781.7110013911375,-1,50164,6,0,16.97056274847714,562.7871644774533
443,31.0,31.0,203.82534140744684,-1,50153,6,152091,17.8978583448784,26.30004405257379
50169,517.0,958.0,1008.4152896655668,-1,443,6,6086778,201.79351382594592,3.77868225192376
443,0.0,0.0,0.0,-1,50169,6,189324,0.0,10.563901037375082
443,0.0,0.0,0.0,-1,50159,6,3376746,0.0,0.5922861832071468
50181,704.0,1286.0,4839.340779200769,-1,443,6,1479747,250.70930488427345,14.19161518827205
50163,664.0,1369.0,754.0926108762086,-1,443,6,11079541,228.4043441890816,2.2564111636032576
50163,39.0,63.0,197492.1630094044,-1,443,6,319,19.672315572906,12539.184952978056
50179,665.0,769.0,1016.5918598172948,-1,443,6,5478108,231.54168862524207,3.103261198939488
50178,665.0,1874.0,4812.901286339788,-1,443,6,5621765,276.9304146269501,6.759442986321911
50178,24.0,24.0,130434.78260869563,-1,443,6,184,16.97056274847714,16304.347826086956
50189,663.0,938.0,11895.34757889304,-1,443,6,480524,229.667305963586,37.45910714137067
50188,663.0,938.0,11642.582064174205,-1,443,6,492846,229.667305963586,38.55159623898743
50190,663.0,938.0,11649.815243432004,-1,443,6,492540,229.667305963586,38.57554716368214
50191,663.0,938.0,11606.256332577315,-1,443,6,492493,229.667305963586,36.54874282477111
443,0.0,0.0,781.7110013911375,-1,50190,6,0,0.0,562.7871644774533
50186,669.0,944.0,7358.949771790619,-1,443,6,903118,231.70486153109272,19.93095032985723
50182,704.0,808.0,1075.6676271851668,-1,443,6,5187476,245.23574663692776,3.2771235953669957
443,0.0,0.0,0.0,-1,50188,6,368138,0.0,8.149117993795805
443,0.0,0.0,0.0,-1,50191,6,389842,0.0,7.695425326157776
443,0.0,0.0,247.09858436423923,-1,50186,6,125456,0.0,23.912766228797345
443,0.0,0.0,781.7110013911375,-1,50182,6,0,0.0,562.7871644774533
50210,662.0,937.0,13386.451930575156,-1,443,6,424459,229.3278610573579,42.40692269453587
50208,662.0,937.0,13176.113684278886,-1,443,6,431159,229.3278610573579,41.747939855134646
50209,662.0,937.0,13176.44985016746,-1,443,6,431148,229.3278610573579,41.74900498204793
443,0.0,0.0,216.26297577854672,-1,50210,6,143344,0.0,20.92867507534323
443,0.0,0.0,184.36358878593603,-1,50208,6,168146,0.0,17.841637624445422
443,0.0,0.0,158.75942313995412,-1,50209,6,195264,0.0,15.363815142576206
443,39.0,39.0,1.7361220559310069,-1,50031,6,81215488,27.577164466275352,0.1231292238248941
443,0.0,0.0,781.7110013911375,-1,50031,6,0,0.0,562.7871644774533
443,0.0,0.0,0.0,-1,50031,6,304262,0.0,6.573282237019411
50152,665.0,1221.0,195.46846631131532,-1,443,6,30767111,261.0533265172353,0.6825470223707387
50152,31.0,31.0,60665.36203522505,-1,443,6,511,21.920310216782973,5870.841487279844
50230,1286.0,1390.0,363.3486299311933,-1,443,6,5358490,517.4466800228471,2.2394368562785414
443,24.0,24.0,781.7110013911375,-1,50230,6,0,16.97056274847714,562.7871644774533
50228,851.0,1559.0,236.49609176718212,-1,443,6,10748592,302.13073683896704,1.6746379432766636
50228,39.0,63.0,61704.21155729677,-1,443,6,1021,19.672315572906,3917.727717923605
443,50.0,81.0,1.0411712266238742,-1,49991,6,77797002,23.177575369309015,0.1156856918470971
0,0.0,0.0,0.0,-1,0,0,1859576,0.0,2.15102797626986
0,0.0,0.0,0.0,-1,0,0,730468,0.0,2.737970725617002
0,0.0,0.0,0.0,-1,0,0,2371509,0.0,7.590104022375626
0,0.0,0.0,0.0,-1,0,0,66883,0.0,29.90296487896775
0,0.0,0.0,0.0,-1,0,0,5328866,0.0,0.3753143727014341
0,0.0,0.0,0.0,-1,0,0,2397758,0.0,0.834112533458339
137,50.0,50.0,781.7110013911375,-1,137,17,0,0.0,562.7871644774533
0,0.0,0.0,0.0,-1,0,0,83551899,0.0,0.5146501816792937
0,0.0,0.0,0.0,-1,0,0,1969394,0.0,1.0155408211866188
0,0.0,0.0,0.0,-1,0,0,20279640,0.0,0.0986210800586203
0,0.0,0.0,0.0,-1,0,0,1435880,0.0,1.3928740563278268
0,0.0,0.0,0.0,-1,0,0,232983,0.0,8.584317310705073
0,0.0,0.0,0.0,-1,0,0,1230633,0.0,1.625179887098753
0,0.0,0.0,0.0,-1,0,0,4604201,0.0,8.687718020998648
0,0.0,0.0,0.0,-1,0,0,1190364,0.0,5.040475014365354
0,0.0,0.0,0.0,-1,0,0,82106191,0.0,0.1583315440853906
0,0.0,0.0,0.0,-1,0,0,11455361,0.0,1.1348398361256358
0,0.0,0.0,0.0,-1,0,0,68150,0.0,29.347028613352897
0,0.0,0.0,0.0,-1,0,0,7025850,0.0,0.8539891970366574
63082,0.0,0.0,858.9504286493004,-1,19302,17,60539,0.0,33.03655494805002
0,0.0,0.0,0.0,-1,0,0,377706,0.0,7.942685580848597
0,0.0,0.0,0.0,-1,0,0,187328,0.0,10.676460539801845
0,0.0,0.0,0.0,-1,0,0,866676,0.0,5.769168639722341
0,0.0,0.0,0.0,-1,0,0,302,0.0,13245.03311258278
0,0.0,0.0,0.0,-1,0,0,16742,0.0,119.4600406164138
0,0.0,0.0,781.7110013911375,-1,0,0,0,0.0,562.7871644774533
0,0.0,0.0,0.0,-1,0,0,401866,0.0,7.465174958817118
0,0.0,0.0,0.0,-1,0,0,111342586,0.0,3.233264224705541
50565,0.0,0.0,1335.6278735263145,-1,19302,17,38933,0.0,51.37030282793517
0,0.0,0.0,0.0,-1,0,0,94776743,0.0,1.8675467672485853
0,0.0,0.0,0.0,-1,0,0,230623,0.0,13.00824288991124
0,0.0,0.0,0.0,-1,0,0,5894741,0.0,0.6785709499365621
0,0.0,0.0,0.0,-1,0,0,163660,0.0,12.220457045093486
0,0.0,0.0,0.0,-1,0,0,15904654,0.0,0.4401227464615074
0,0.0,0.0,0.0,-1,0,0,25884021,0.0,0.0772677475420067
58500,0.0,0.0,23163.99052382206,-1,53,17,3799,0.0,526.454330086865
0,0.0,0.0,0.0,-1,0,0,59195502,0.0,0.0675727017231816
0,0.0,0.0,0.0,-1,0,0,31328872,0.0,0.1276777536069603
0,0.0,0.0,0.0,-1,0,0,647007,0.0,3.0911566644564896
0,0.0,0.0,0.0,-1,0,0,14720740,0.0,0.2037941027421176
0,0.0,0.0,0.0,-1,0,0,307,0.0,6514.657980456026
0,0.0,0.0,0.0,-1,0,0,58343544,0.0,0.0685594279291638
0,0.0,0.0,0.0,-1,0,0,6206219,0.0,0.3222574001980916
0,0.0,0.0,0.0,-1,0,0,485185,0.0,20.6106948895782
0,0.0,0.0,0.0,-1,0,0,277343,0.0,7.211287106579218
0,0.0,0.0,0.0,-1,0,0,806082,0.0,2.4811371547807792
0,0.0,0.0,0.0,-1,0,0,8323,0.0,360.4469542232368
0,0.0,0.0,0.0,-1,0,0,4344417,0.0,1.1509024110714972
0,0.0,0.0,0.0,-1,0,0,7260785,0.0,1.3772615495431968
0,0.0,0.0,0.0,-1,0,0,50862535,0.0,0.0786433472102796
50029,35.0,37.0,2.738183132469893,-1,443,6,91301417,15.436968614336172,0.1423855228884344
0,0.0,0.0,0.0,-1,0,0,17443299,0.0,0.1146572101985983
0,0.0,0.0,0.0,-1,0,0,94558217,0.0,0.190358919309995
0,0.0,0.0,0.0,-1,0,0,1184703,0.0,4.220467070649774
443,0.0,0.0,781.7110013911375,-1,50163,6,0,0.0,562.7871644774533
0,0.0,0.0,0.0,-1,0,0,14326317,0.0,0.1396032211209622
0,0.0,0.0,0.0,-1,0,0,118561,0.0,25.303430301701237
0,0.0,0.0,0.0,-1,0,0,713281,0.0,7.009860069173299
0,0.0,0.0,0.0,-1,0,0,4482,0.0,446.2293618920125
0,0.0,0.0,0.0,-1,0,0,12058376,0.0,0.3317196279167277
50158,661.0,1344.0,227.279988216258,-1,443,6,31019009,224.6361007892048,0.8381957012230791
0,0.0,0.0,0.0,-1,0,0,224371,0.0,13.370711901270663
50175,450.0,903.0,67.41962856856047,-1,80,6,40225674,208.0785823398733,0.4226156658058732
0,0.0,0.0,0.0,-1,0,0,100791,0.0,19.843041541407462
0,0.0,0.0,0.0,-1,0,0,59587544,0.0,0.0839101541087177
0,0.0,0.0,0.0,-1,0,0,3761915,0.0,167.99954278605443
0,0.0,0.0,0.0,-1,0,0,40218094,0.0,0.1243221521139216
0,0.0,0.0,0.0,-1,0,0,39593495,0.0,0.9344969419850409
0,0.0,0.0,0.0,-1,0,0,28816444,0.0,0.1388096324445861
0,0.0,0.0,0.0,-1,0,0,207102,0.0,19.314154378035944
0,0.0,0.0,0.0,-1,0,0,1039847,0.0,1.9233598789052624
0,0.0,0.0,0.0,-1,0,0,4011,0.0,498.6287708800798
0,0.0,0.0,0.0,-1,0,0,18557,0.0,107.77604138599987
0,0.0,0.0,0.0,-1,0,0,2946,0.0,2376.103190767142
0,0.0,0.0,0.0,-1,0,0,236210,0.0,8.467042038863722
0,0.0,0.0,0.0,-1,0,0,43537114,0.0,0.0459378175595194
0,0.0,0.0,0.0,-1,0,0,12928350,0.0,0.1546987821338376
0,0.0,0.0,0.0,-1,0,0,198963,0.0,15.078180365193528
0,0.0,0.0,0.0,-1,0,0,76423738,0.0,0.0523397586231649
0,0.0,0.0,0.0,-1,0,0,1051305,0.0,4.755993741112237
0,0.0,0.0,0.0,-1,0,0,1002050,0.0,1.9959083878049997
0,0.0,0.0,0.0,-1,0,0,1623540,0.0,1.8478140359954172
0,0.0,0.0,0.0,-1,0,0,210020,0.0,19.0458051614132
0,0.0,0.0,0.0,-1,0,0,111420149,0.0,0.0807753362455115
0,0.0,0.0,0.0,-1,0,0,315210,0.0,19.03492909488912
59676,0.0,0.0,24125.874125874125,-1,53,17,5720,0.0,349.65034965034965
0,0.0,0.0,0.0,-1,0,0,905895,0.0,24.285375236644423
0,0.0,0.0,0.0,-1,0,0,576,0.0,5208.333333333333
0,0.0,0.0,0.0,-1,0,0,76614983,0.0,0.1566273270595126
0,0.0,0.0,0.0,-1,0,0,105278,0.0,18.997321377685747
0,0.0,0.0,0.0,-1,0,0,76204041,0.0,0.0262453273311319
137,50.0,100.0,49.91522730562595,-1,137,17,3005095,0.0,0.998304546112519
0,0.0,0.0,0.0,-1,0,0,583113,0.0,5.144800407468193
0,0.0,0.0,0.0,-1,0,0,23458738,0.0,0.4689084297714566
0,0.0,0.0,0.0,-1,0,0,1029220,0.0,3.886438273644119
0,0.0,0.0,0.0,-1,0,0,686020,0.0,4.373050348386345
0,0.0,0.0,0.0,-1,0,0,286917,0.0,13.941314038554705
0,0.0,0.0,0.0,-1,0,0,1068,0.0,4681.647940074907
0,0.0,0.0,0.0,-1,0,0,14286736,0.0,0.2099849818740963
0,0.0,0.0,0.0,-1,0,0,12152341,0.0,0.3291546871504017
0,0.0,0.0,0.0,-1,0,0,23540,0.0,84.96176720475786
0,0.0,0.0,0.0,-1,0,0,608436,0.0,4.930674713527799
0,0.0,0.0,0.0,-1,0,0,10672,0.0,187.40629685157424
0,0.0,0.0,0.0,-1,0,0,4562387,0.0,1.9726515966313247
0,0.0,0.0,0.0,-1,0,0,143540,0.0,13.933398355858994
0,0.0,0.0,0.0,-1,0,0,4975186,0.0,0.4019950208896712
443,0.0,0.0,0.0,-1,49964,6,92995633,0.0,0.0860255448769298
0,0.0,0.0,0.0,-1,0,0,1172468,0.0,1.7058034846153582
0,0.0,0.0,0.0,-1,0,0,2688365,0.0,0.743946599513087
0,0.0,0.0,0.0,-1,0,0,24974,0.0,80.08328661808281
0,0.0,0.0,0.0,-1,0,0,1257591,0.0,1.5903421700696014
0,0.0,0.0,0.0,-1,0,0,582,0.0,3436.426116838488
0,0.0,0.0,0.0,-1,0,0,696993,0.0,2.869469277309815
0,0.0,0.0,0.0,-1,0,0,5026132,0.0,3.382322629011733
0,0.0,0.0,0.0,-1,0,0,64160,0.0,46.75810473815461
0,0.0,0.0,0.0,-1,0,0,1153,0.0,6071.118820468344
0,0.0,0.0,0.0,-1,0,0,616461,0.0,6.488650539125751
0,0.0,0.0,0.0,-1,0,0,7043570,0.0,0.7098672974074227
0,0.0,0.0,0.0,-1,0,0,1660645,0.0,1.2043513213239434
0,0.0,0.0,0.0,-1,0,0,83163223,0.0,0.1803681899149098
0,0.0,0.0,0.0,-1,0,0,19533075,0.0,0.1535856489569614
0,0.0,0.0,0.0,-1,0,0,729896,0.0,6.850291000361695
62841,0.0,0.0,784.7990461673131,-1,19302,17,66259,0.0,30.18457869874281
0,0.0,0.0,0.0,-1,0,0,410073,0.0,12.192951011161426
0,0.0,0.0,0.0,-1,0,0,888569,0.0,2.2508100102524398
0,0.0,0.0,0.0,-1,0,0,16474246,0.0,0.849811275126036
63106,20.0,20.0,657.7782275406684,-1,19302,17,158108,0.0,25.299162597718016
0,0.0,0.0,0.0,-1,0,0,7658363,0.0,0.2611524159928173
0,0.0,0.0,0.0,-1,0,0,651875,0.0,10.738255033557047
0,0.0,0.0,0.0,-1,0,0,451752,0.0,13.281623545662224
0,0.0,0.0,0.0,-1,0,0,106679,0.0,18.747832281892407
0,0.0,0.0,0.0,-1,0,0,45895213,0.0,0.1525213533707753
0,0.0,0.0,0.0,-1,0,0,24875130,0.0,0.2010039746525947
50556,0.0,0.0,1232.7825324198095,-1,19302,17,42181,0.0,47.4147127853773
0,0.0,0.0,0.0,-1,0,0,45586243,0.0,0.1535550977517493
0,0.0,0.0,0.0,-1,0,0,27476062,0.0,0.1455812699796644
0,0.0,0.0,0.0,-1,0,0,250791,0.0,7.974767834571416
50072,1251.0,13458.0,165.92824864758845,-1,443,6,96035486,436.01068331680426,0.9163279498580348
62861,0.0,0.0,1297.599441034087,-1,19302,17,40074,0.0,49.90767080900335
52182,0.0,0.0,154.8259122588415,-1,53,17,1750353,0.0,1.1426266587368377
0,0.0,0.0,0.0,-1,0,0,44340038,0.0,0.112764901103603
0,0.0,0.0,0.0,-1,0,0,223660,0.0,17.88428865241885
0,0.0,0.0,0.0,-1,0,0,16104987,0.0,1.1797587914848984
0,0.0,0.0,0.0,-1,0,0,513141,0.0,9.743910543106086
0,0.0,0.0,0.0,-1,0,0,7055352,0.0,0.7086818630735929
0,0.0,0.0,0.0,-1,0,0,205489,0.0,19.465762157585075
0,0.0,0.0,0.0,-1,0,0,631956,0.0,3.1647772946217776
0,0.0,0.0,0.0,-1,0,0,35356667,0.0,0.1414160446741204
0,0.0,0.0,0.0,-1,0,0,811038,0.0,7.397927100826348
62851,0.0,0.0,967.874027472732,-1,19302,17,53726,0.0,37.225924133566615
64032,0.0,0.0,852.7911855503062,-1,53,17,175893,0.0,11.370549140670748
0,0.0,0.0,0.0,-1,0,0,7478,0.0,401.1767852366943
0,0.0,0.0,0.0,-1,0,0,74757,0.0,40.13002126891127
0,0.0,0.0,0.0,-1,0,0,74778884,0.0,0.0936093135596942
0,0.0,0.0,0.0,-1,0,0,825187,0.0,2.4236930538168924
0,0.0,0.0,0.0,-1,0,0,9228328,0.0,0.2167239829360205
0,0.0,0.0,0.0,-1,0,0,58988471,0.0,0.0847623258449943
54861,0.0,0.0,2481.3052345343303,-1,53,17,88260,0.0,22.660321776569223
0,0.0,0.0,0.0,-1,0,0,76453159,0.0,0.065399521293816
0,0.0,0.0,0.0,-1,0,0,7685021,0.0,0.2602465237245285
0,0.0,0.0,0.0,-1,0,0,11878672,0.0,0.1683689893954475
0,0.0,0.0,0.0,-1,0,0,675941,0.0,7.397095308614213
0,0.0,0.0,0.0,-1,0,0,223620,0.0,13.415615776764152
0,0.0,0.0,0.0,-1,0,0,27435697,0.0,0.0728977288238749
0,0.0,0.0,0.0,-1,0,0,13784358,0.0,0.1450919948538771
0,0.0,0.0,0.0,-1,0,0,56917879,0.0,3.865217816707471
0,0.0,0.0,0.0,-1,0,0,174666,0.0,11.45042538330299
0,0.0,0.0,0.0,-1,0,0,3232184,0.0,1.2375533076087253
0,0.0,0.0,0.0,-1,0,0,6096153,0.0,0.3280757553165086
50150,329.0,868.0,219.9277499027171,-1,443,6,32233313,126.59394842478758,0.6514998939141006
443,0.0,0.0,0.0,-1,50025,6,5427835,0.0,0.5527065579554279
0,0.0,0.0,0.0,-1,0,0,52777730,0.0,0.0568421567202681
0,0.0,0.0,0.0,-1,0,0,198738,0.0,20.1270013786996
0,0.0,0.0,0.0,-1,0,0,125977,0.0,31.75182771458282
0,0.0,0.0,0.0,-1,0,0,2034021,0.0,1.474911025992357
0,0.0,0.0,0.0,-1,0,0,663896,0.0,4.518780049887331
0,0.0,0.0,0.0,-1,0,0,90363432,0.0,0.2987934322813237
0,0.0,0.0,0.0,-1,0,0,6236382,0.0,0.481048146184759
0,0.0,0.0,0.0,-1,0,0,10571954,0.0,0.4729494661062657
0,0.0,0.0,0.0,-1,0,0,14194,0.0,352.2615189516697
0,0.0,0.0,0.0,-1,0,0,16465721,0.0,0.1214644654795256
0,0.0,0.0,0.0,-1,0,0,9655371,0.0,0.9321236853560572
0,0.0,0.0,0.0,-1,0,0,436991,0.0,11.44188324244664
0,0.0,0.0,0.0,-1,0,0,111423019,0.0,0.053848837106092
0,0.0,0.0,0.0,-1,0,0,546688,0.0,5.4875907281667065
0,0.0,0.0,0.0,-1,0,0,9773750,0.0,0.2046297480496227
0,0.0,0.0,0.0,-1,0,0,5568,0.0,359.1954022988506
0,0.0,0.0,0.0,-1,0,0,2257906,0.0,4.428882336111423
0,0.0,0.0,0.0,-1,0,0,222432,0.0,17.9830240253201
0,0.0,0.0,0.0,-1,0,0,25628,0.0,78.03964413922272
0,0.0,0.0,0.0,-1,0,0,69999699,0.0,0.1285719814309487
0,0.0,0.0,0.0,-1,0,0,126150,0.0,15.854141894569954
0,0.0,0.0,0.0,-1,0,0,59682177,0.0,0.0670216838772486
0,0.0,0.0,0.0,-1,0,0,698038,0.0,2.8651735292347977
0,0.0,0.0,0.0,-1,0,0,93008,0.0,21.50352657835885
0,0.0,0.0,0.0,-1,0,0,3728419,0.0,0.5364203969564579
0,0.0,0.0,0.0,-1,0,0,64768,0.0,30.879446640316203
0,0.0,0.0,0.0,-1,0,0,7686376,0.0,0.2602006459220834
0,0.0,0.0,0.0,-1,0,0,5405744,0.0,1.4799072986068151
0,0.0,0.0,0.0,-1,0,0,796778,0.0,6.275273664684517
0,0.0,0.0,0.0,-1,0,0,22029599,0.0,0.6355086172925798
0,0.0,0.0,0.0,-1,0,0,562318,0.0,7.1134126953076375
0,0.0,0.0,0.0,-1,0,0,40831543,0.0,0.1469452183083064
0,0.0,0.0,0.0,-1,0,0,3035255,0.0,4.612462544333178
0,0.0,0.0,0.0,-1,0,0,5867950,0.0,0.3408345333549195
0,0.0,0.0,0.0,-1,0,0,11067716,0.0,0.1807057571770002
0,0.0,0.0,0.0,-1,0,0,52818507,0.0,0.0378655155852852
0,0.0,0.0,0.0,-1,0,0,13377898,0.0,0.1495003176134247
0,0.0,0.0,0.0,-1,0,0,28998345,0.0,115.62728838490612
0,0.0,0.0,0.0,-1,0,0,12137664,0.0,0.164776352352479
0,0.0,0.0,0.0,-1,0,0,413981,0.0,4.83113959336298
0,0.0,0.0,0.0,-1,0,0,117322,0.0,25.5706517106766
0,0.0,0.0,0.0,-1,0,0,336877,0.0,5.936884975822037
0,0.0,0.0,0.0,-1,0,0,19489523,0.0,0.102619238038817
0,0.0,0.0,0.0,-1,0,0,4083585,0.0,0.4897657328058556
0,0.0,0.0,0.0,-1,0,0,588831,0.0,3.3965603033807663
0,0.0,0.0,0.0,-1,0,0,18820250,0.0,0.1062685139676678
0,0.0,0.0,0.0,-1,0,0,5376376,0.0,0.5579966877316617
0,0.0,0.0,0.0,-1,0,0,151,0.0,13245.03311258278
0,0.0,0.0,0.0,-1,0,0,5298510,0.0,0.5661969119620421
0,0.0,0.0,0.0,-1,0,0,41936628,0.0,5.627538771119128
0,0.0,0.0,0.0,-1,0,0,20063064,0.0,0.2990570134252674
0,0.0,0.0,0.0,-1,0,0,45003615,0.0,0.0444408743608707
0,0.0,0.0,0.0,-1,0,0,33270382,0.0,0.0601135267999026
0,0.0,0.0,0.0,-1,0,0,131356,0.0,15.22579859313621
0,0.0,0.0,0.0,-1,0,0,1972623,0.0,1.52081771326807
0,0.0,0.0,0.0,-1,0,0,9105199,0.0,0.2196547269312839
0,0.0,0.0,0.0,-1,0,0,131223,0.0,38.10307644239196
0,0.0,0.0,0.0,-1,0,0,2909858,0.0,1.0309781439506671
0,0.0,0.0,0.0,-1,0,0,151554,0.0,46.18815735645381
54060,0.0,0.0,1266.5831928029122,-1,53,17,138167,0.0,14.47523648917614
50042,1236.0,2606.0,43.45818912181634,-1,443,6,89994546,432.0656165094568,0.3111299655870256
0,0.0,0.0,0.0,-1,0,0,2717175,0.0,3.6802929513189246
0,0.0,0.0,0.0,-1,0,0,1811994,0.0,1.103756414204462
0,0.0,0.0,0.0,-1,0,0,738086,0.0,5.419422668903081
0,0.0,0.0,0.0,-1,0,0,58628846,0.0,0.0341129006700899
0,0.0,0.0,0.0,-1,0,0,103702,0.0,19.28603112765424
0,0.0,0.0,0.0,-1,0,0,25479905,0.0,0.1177398424366182
0,0.0,0.0,0.0,-1,0,0,30045,0.0,66.56681644200367
0,0.0,0.0,0.0,-1,0,0,12941789,0.0,0.3863453499357778
0,0.0,0.0,0.0,-1,0,0,29005131,0.0,0.1379066345192511
0,0.0,0.0,0.0,-1,0,0,50849030,0.0,0.0589981755797504
0,0.0,0.0,0.0,-1,0,0,2052000,0.0,1.4619883040935673
0,0.0,0.0,0.0,-1,0,0,4863104,0.0,0.4112599689416472
0,0.0,0.0,0.0,-1,0,0,6688517,0.0,0.4485299207582189
0,0.0,0.0,0.0,-1,0,0,1571078,0.0,1.273011269968773
0,0.0,0.0,0.0,-1,0,0,224524,0.0,17.815467388786946
0,0.0,0.0,0.0,-1,0,0,48558369,0.0,0.4118754482878121
0,0.0,0.0,0.0,-1,0,0,58874758,0.0,0.0509556234609066
0,0.0,0.0,0.0,-1,0,0,3825388,0.0,0.5228227829438478
0,0.0,0.0,0.0,-1,0,0,400243,0.0,9.993928688321844
62824,0.0,0.0,1142.5056026717054,-1,19302,17,45514,0.0,43.942523179680975
0,0.0,0.0,0.0,-1,0,0,1098177,0.0,1.8212000433445608
0,0.0,0.0,0.0,-1,0,0,728596,0.0,13.725027312804352
0,0.0,0.0,0.0,-1,0,0,32802,0.0,60.97189195780746
0,0.0,0.0,0.0,-1,0,0,2701327,0.0,0.7403768592251142
0,0.0,0.0,0.0,-1,0,0,12500682,0.0,0.159991270876261
0,0.0,0.0,0.0,-1,0,0,7461276,0.0,0.2680506658646591
61892,0.0,0.0,806.7827033426584,-1,53,17,209474,0.0,9.547724299913115
0,0.0,0.0,0.0,-1,0,0,220612,0.0,18.131379979330227
0,0.0,0.0,0.0,-1,0,0,3442470,0.0,2.6144018684258685
0,0.0,0.0,0.0,-1,0,0,101919295,0.0,0.2158570661227591
0,0.0,0.0,0.0,-1,0,0,3584,0.0,1116.071428571429
0,0.0,0.0,0.0,-1,0,0,1207499,0.0,1.656316071483289
50056,1238.0,3024.0,50.317527831278205,-1,443,6,89968649,405.7847098761002,0.3445644715638666
0,0.0,0.0,0.0,-1,0,0,46781971,0.0,0.0427515121156395
0,0.0,0.0,0.0,-1,0,0,552111,0.0,7.244919952690672
0,0.0,0.0,0.0,-1,0,0,45026049,0.0,0.1998842936452185
0,0.0,0.0,0.0,-1,0,0,15416898,0.0,0.9080944817822626
0,0.0,0.0,0.0,-1,0,0,2337091,0.0,0.8557647092047336
62870,0.0,0.0,1116.4068873717206,-1,19302,17,46578,0.0,42.938726437373866
0,0.0,0.0,0.0,-1,0,0,257049,0.0,7.780617703239459
0,0.0,0.0,0.0,-1,0,0,80668197,0.0,0.1363610494480247
0,0.0,0.0,0.0,-1,0,0,1388669,0.0,1.4402280168996355
0,0.0,0.0,0.0,-1,0,0,11669403,0.0,5.227345392047905
0,0.0,0.0,0.0,-1,0,0,1991666,0.0,1.5062766548206377
0,0.0,0.0,0.0,-1,0,0,1143683,0.0,12.241154235920268
0,0.0,0.0,0.0,-1,0,0,406,0.0,4926.108374384236
0,0.0,0.0,0.0,-1,0,0,8694916,0.0,1.0350876305187997
0,0.0,0.0,0.0,-1,0,0,11142181,0.0,0.1794980713380979
0,0.0,0.0,0.0,-1,0,0,113076,0.0,17.687219215394958
0,0.0,0.0,0.0,-1,0,0,813730,0.0,2.45781770366092
0,0.0,0.0,0.0,-1,0,0,1830413,0.0,2.1852991647240265
50218,588.0,990.0,138.90692700392597,-1,443,6,30999174,192.54544918018703,0.7419552533883644
0,0.0,0.0,0.0,-1,0,0,77097423,0.0,0.1815884300049821
62879,0.0,0.0,1244.46571736269,-1,19302,17,41785,0.0,47.86406605241115
0,0.0,0.0,0.0,-1,0,0,248749,0.0,20.100583318927917
0,0.0,0.0,0.0,-1,0,0,58453844,0.0,0.034215029553916
0,0.0,0.0,0.0,-1,0,0,19253580,0.0,0.1038767855120969
0,0.0,0.0,0.0,-1,0,0,59159253,0.0,0.067614105945523
0,0.0,0.0,0.0,-1,0,0,713424,0.0,51.862567000829806
0,0.0,0.0,0.0,-1,0,0,30081729,0.0,0.7313409412072026
0,0.0,0.0,0.0,-1,0,0,57997614,0.0,0.2069050633703655
0,0.0,0.0,0.0,-1,0,0,132376,0.0,37.77119719586632
0,0.0,0.0,0.0,-1,0,0,911349,0.0,3.291823439757985
0,0.0,0.0,0.0,-1,0,0,16272,0.0,122.91052114060965
60674,1252.0,7532.0,11144.019417445728,-1,443,17,1294506,597.7574115616828,20.084881800470605
0,0.0,0.0,0.0,-1,0,0,6152457,0.0,0.3250733812524005
0,0.0,0.0,0.0,-1,0,0,109770,0.0,18.21991436640248
65473,0.0,0.0,1342.4124513618676,-1,53,17,154200,0.0,12.97016861219196
0,0.0,0.0,0.0,-1,0,0,375889,0.0,10.64143936108798
0,0.0,0.0,0.0,-1,0,0,611133,0.0,4.908915080678019
0,0.0,0.0,0.0,-1,0,0,62826149,0.0,0.7958469649317516
0,0.0,0.0,0.0,-1,0,0,235987,0.0,16.950086233563713
0,0.0,0.0,0.0,-1,0,0,16051602,0.0,0.9967852429931916
0,0.0,0.0,0.0,-1,0,0,217605,0.0,22.977413202821623
0,0.0,0.0,0.0,-1,0,0,93152513,0.0,0.0858806675457053
0,0.0,0.0,0.0,-1,0,0,1434186,0.0,1.3945192604027652
0,0.0,0.0,0.0,-1,0,0,408380,0.0,4.897399480875655
0,0.0,0.0,0.0,-1,0,0,5412065,0.0,0.3695447116765966
0,0.0,0.0,0.0,-1,0,0,1682,0.0,2972.651605231867
0,0.0,0.0,0.0,-1,0,0,7530951,0.0,2.390136385165698
0,0.0,0.0,0.0,-1,0,0,205006,0.0,9.755812025013904
63091,0.0,0.0,1010.5525001457528,-1,19302,17,51457,0.0,38.86740385175972
0,0.0,0.0,0.0,-1,0,0,1525995,0.0,8.519031844796347
0,0.0,0.0,0.0,-1,0,0,461049,0.0,4.337933712034946
0,0.0,0.0,0.0,-1,0,0,4641996,0.0,0.6462737150139725
0,0.0,0.0,0.0,-1,0,0,496649,0.0,56.37784431258293
0,0.0,0.0,0.0,-1,0,0,122098,0.0,16.380284689347903
0,0.0,0.0,0.0,-1,0,0,59104582,0.0,0.0845958101860867
54430,0.0,0.0,2034.038204543668,-1,53,17,101768,0.0,19.652543039069258
0,0.0,0.0,0.0,-1,0,0,11421615,0.0,4.72787780011846
0,0.0,0.0,0.0,-1,0,0,210276,0.0,9.511308946337197
0,0.0,0.0,0.0,-1,0,0,1029,0.0,1943.6345966958213
0,0.0,0.0,0.0,-1,0,0,17041201,0.0,0.117362620158051
0,0.0,0.0,0.0,-1,0,0,11771706,0.0,0.5096967253514486
0,0.0,0.0,0.0,-1,0,0,1997693,0.0,6.507506408642369
0,0.0,0.0,0.0,-1,0,0,3898,0.0,769.6254489481786
0,0.0,0.0,0.0,-1,0,0,50279,0.0,39.77803854491936
0,0.0,0.0,0.0,-1,0,0,17597991,0.0,0.1136493364498254
0,0.0,0.0,0.0,-1,0,0,1828310,0.0,3.8286723805044
0,0.0,0.0,0.0,-1,0,0,4123738,0.0,0.484996864495271
0,0.0,0.0,0.0,-1,0,0,2341170,0.0,0.8542737178419337
0,0.0,0.0,0.0,-1,0,0,120097,0.0,24.9798079885426
0,0.0,0.0,0.0,-1,0,0,736977,0.0,2.713788897075485
61915,176.0,528.0,235.9199520921643,-1,1900,17,2984063,0.0,1.3404542732509337
0,0.0,0.0,0.0,-1,0,0,11389606,0.0,0.4389967484388836
0,0.0,0.0,0.0,-1,0,0,3503917,0.0,4.566318209021504
0,0.0,0.0,0.0,-1,0,0,10343913,0.0,0.1933504274446237
0,0.0,0.0,0.0,-1,0,0,661713,0.0,7.55614594242519
0,0.0,0.0,0.0,-1,0,0,11548534,0.0,0.3463643090975876
0,0.0,0.0,0.0,-1,0,0,40218113,0.0,0.1243220933811588
0,0.0,0.0,0.0,-1,0,0,75861,0.0,39.54601178471151
0,0.0,0.0,0.0,-1,0,0,4200751,0.0,0.4761053440206286
0,0.0,0.0,0.0,-1,0,0,247988,0.0,8.064906366437086
0,0.0,0.0,0.0,-1,0,0,31469336,0.0,0.1906617921649189
0,0.0,0.0,0.0,-1,0,0,226554,0.0,17.6558348120095
0,0.0,0.0,0.0,-1,0,0,17329495,0.0,0.1154101720794518
443,0.0,0.0,0.0,-1,50026,6,3074027,0.0,0.9759185589456436
0,0.0,0.0,0.0,-1,0,0,518493,0.0,11.57199807904832
0,0.0,0.0,0.0,-1,0,0,84,0.0,23809.52380952381
0,0.0,0.0,0.0,-1,0,0,16825984,0.0,0.3565913292203297
0,0.0,0.0,0.0,-1,0,0,641,0.0,4680.1872074883
0,0.0,0.0,0.0,-1,0,0,103769,0.0,19.273578814482168
0,0.0,0.0,0.0,-1,0,0,328616,0.0,6.086130924848455
0,0.0,0.0,0.0,-1,0,0,34539642,0.0,0.0868567195919401
0,0.0,0.0,0.0,-1,0,0,848660,0.0,7.069969127801476
0,0.0,0.0,0.0,-1,0,0,235957,0.0,8.47612064910132
0,0.0,0.0,0.0,-1,0,0,4890,0.0,1431.4928425357873
0,0.0,0.0,0.0,-1,0,0,911173,0.0,7.682404987856312
0,0.0,0.0,0.0,-1,0,0,520460,0.0,3.8427544864158634
0,0.0,0.0,0.0,-1,0,0,16818,0.0,237.84040908550364
0,0.0,0.0,0.0,-1,0,0,99512,0.0,20.098078623683577
0,0.0,0.0,0.0,-1,0,0,3432622,0.0,0.5826449868351365
0,0.0,0.0,0.0,-1,0,0,235657,0.0,8.486911061415531
0,0.0,0.0,0.0,-1,0,0,21801743,0.0,0.1834715692226993
0,0.0,0.0,0.0,-1,0,0,92324,0.0,21.66283956501018
0,0.0,0.0,0.0,-1,0,0,87287,0.0,22.912919449631676
0,0.0,0.0,0.0,-1,0,0,695290,0.0,58.96820031929124
0,0.0,0.0,0.0,-1,0,0,40603060,0.0,0.049257371242463
0,0.0,0.0,0.0,-1,0,0,16999288,0.0,0.1176519863655466
0,0.0,0.0,0.0,-1,0,0,17312367,0.0,0.7509082957864746
0,0.0,0.0,0.0,-1,0,0,90007705,0.0,0.0333304798739174
137,50.0,100.0,49.576009441916256,-1,137,17,3025657,0.0,0.991520188838325
0,0.0,0.0,0.0,-1,0,0,131656,0.0,37.97776022361305
0,0.0,0.0,0.0,-1,0,0,5454946,0.0,0.3666397430881992
0,0.0,0.0,0.0,-1,0,0,85121164,0.0,0.352438789488358
0,0.0,0.0,0.0,-1,0,0,445857,0.0,8.971486373433635
0,0.0,0.0,0.0,-1,0,0,931785,0.0,5.366044742081059
0,0.0,0.0,0.0,-1,0,0,5179361,0.0,0.3861480209624314
0,0.0,0.0,0.0,-1,0,0,184681,0.0,21.65896870820496
0,0.0,0.0,0.0,-1,0,0,519128,0.0,7.705228768242128
0,0.0,0.0,0.0,-1,0,0,2153108,0.0,0.9288897723662723
0,0.0,0.0,0.0,-1,0,0,73758212,0.0,0.1355781238297913
0,0.0,0.0,0.0,-1,0,0,58300045,0.0,0.0343052908449727
50137,674.0,2153.0,556.4410890102597,-1,443,6,33079872,260.18933300769464,1.2696542477552513
0,0.0,0.0,0.0,-1,0,0,1160423,0.0,1.723509444400878
0,0.0,0.0,0.0,-1,0,0,44463147,0.0,0.134943214883103
0,0.0,0.0,0.0,-1,0,0,1469163,0.0,10.890554689983343
0,0.0,0.0,0.0,-1,0,0,1531,0.0,5878.510777269758
0,0.0,0.0,0.0,-1,0,0,667070,0.0,2.998186097411066
0,0.0,0.0,0.0,-1,0,0,226571,0.0,13.240882548958163
0,0.0,0.0,0.0,-1,0,0,52509,0.0,57.13306290350226
0,0.0,0.0,0.0,-1,0,0,9554686,0.0,1.0466068691320678
0,0.0,0.0,0.0,-1,0,0,227603,0.0,8.787230396787388
0,0.0,0.0,0.0,-1,0,0,703,0.0,2844.9502133712663
0,0.0,0.0,0.0,-1,0,0,573,0.0,5235.602094240838
0,0.0,0.0,0.0,-1,0,0,39469360,0.0,3.3443663641873087
0,0.0,0.0,0.0,-1,0,0,47638663,0.0,0.041982706357649
0,0.0,0.0,0.0,-1,0,0,406465,0.0,9.8409457148832
0,0.0,0.0,0.0,-1,0,0,6498695,0.0,1.2310163809811048
0,0.0,0.0,0.0,-1,0,0,49336268,0.0,0.0810762581393469
0,0.0,0.0,0.0,-1,0,0,74424687,0.0,0.0806184109313083
0,0.0,0.0,0.0,-1,0,0,212265,0.0,23.55546133371022
0,0.0,0.0,0.0,-1,0,0,22163505,0.0,0.090238434760206
0,0.0,0.0,0.0,-1,0,0,229288,0.0,17.44530895642162
60678,0.0,0.0,1356.215116582338,-1,19302,17,38342,0.0,52.16211986855146
0,0.0,0.0,0.0,-1,0,0,18213364,0.0,0.1098094783588578
0,0.0,0.0,0.0,-1,0,0,11120,0.0,629.4964028776978
0,0.0,0.0,0.0,-1,0,0,70265,0.0,28.46367323703124
60673,133.0,523.0,17732.49393904052,-1,443,17,402989,30.29136290540039,49.62914620498327
0,0.0,0.0,0.0,-1,0,0,773866,0.0,10.337707044888909
0,0.0,0.0,0.0,-1,0,0,1634880,0.0,1.2233313760031317
0,0.0,0.0,0.0,-1,0,0,71188,0.0,28.09462268921728
63085,0.0,0.0,1280.9459293016382,-1,19302,17,40595,0.0,49.267151126986086
0,0.0,0.0,0.0,-1,0,0,39622732,0.0,0.0504760751984492
0,0.0,0.0,0.0,-1,0,0,3425102,0.0,2.919621079897767
0,0.0,0.0,0.0,-1,0,0,388579,0.0,5.146958533528575
0,0.0,0.0,0.0,-1,0,0,215500,0.0,23.20185614849188
0,0.0,0.0,0.0,-1,0,0,28191558,0.0,0.1418864469994883
0,0.0,0.0,0.0,-1,0,0,9432126,0.0,0.4240825451229129
0,0.0,0.0,0.0,-1,0,0,9088951,0.0,0.4400947920172526
0,0.0,0.0,0.0,-1,0,0,24816089,0.0,0.9671145199390604
0,0.0,0.0,0.0,-1,0,0,24238652,0.0,0.2475385182311293
0,0.0,0.0,0.0,-1,0,0,46721123,0.0,0.0642107853443505
0,0.0,0.0,0.0,-1,0,0,1147520,0.0,1.742889012827663
0,0.0,0.0,0.0,-1,0,0,7317652,0.0,0.2733117125547922
0,0.0,0.0,0.0,-1,0,0,665,0.0,3007.5187969924814
0,0.0,0.0,0.0,-1,0,0,729023,0.0,6.858494176452595
0,0.0,0.0,0.0,-1,0,0,43669585,0.0,0.1144961647792164
0,0.0,0.0,0.0,-1,0,0,31061316,0.0,0.4185270192673098
0,0.0,0.0,0.0,-1,0,0,5216,0.0,383.4355828220859
0,0.0,0.0,0.0,-1,0,0,38370393,0.0,0.1303088034568736
0,0.0,0.0,0.0,-1,0,0,59232641,0.0,0.0506477501146707
0,0.0,0.0,0.0,-1,0,0,4124155,0.0,0.4849478256758051
0,0.0,0.0,0.0,-1,0,0,7185686,0.0,0.278331115498228
50171,668.0,1077.0,245.1670088742535,-1,443,6,31052302,220.1567623308446,0.7728895590413877
50568,0.0,0.0,1297.9881184164544,-1,19302,17,40062,0.0,49.9226199390944
50172,660.0,1911.0,252.6652837589944,-1,443,6,32240282,253.3957738041781,0.8374616574383561
0,0.0,0.0,0.0,-1,0,0,771598,0.0,6.480058268683952
0,0.0,0.0,0.0,-1,0,0,1881031,0.0,2.126493396440569
0,0.0,0.0,0.0,-1,0,0,41569,0.0,48.11277634775914
50174,450.0,903.0,69.3829171352686,-1,80,6,40226040,208.0785823398733,0.4226118206017794
0,0.0,0.0,0.0,-1,0,0,7879330,0.0,0.253828688479858
443,0.0,0.0,0.0,-1,50034,6,47,0.0,42553.19148936171
0,0.0,0.0,0.0,-1,0,0,10435449,0.0,0.1916544271358137
0,0.0,0.0,0.0,-1,0,0,7130,0.0,280.50490883590464
0,0.0,0.0,0.0,-1,0,0,116836,0.0,34.23602314355165
0,0.0,0.0,0.0,-1,0,0,10513946,0.0,0.2853353060782317
0,0.0,0.0,0.0,-1,0,0,143856,0.0,13.902791680569456
0,0.0,0.0,0.0,-1,0,0,82444,0.0,24.258890883508805
0,0.0,0.0,0.0,-1,0,0,12256366,0.0,5.221776177375904
0,0.0,0.0,0.0,-1,0,0,3834203,0.0,0.5216207905528215
0,0.0,0.0,0.0,-1,0,0,111423496,0.0,0.0538486065811469
0,0.0,0.0,0.0,-1,0,0,699,0.0,4291.845493562232
0,0.0,0.0,0.0,-1,0,0,12523828,0.0,0.1596955818939704
0,0.0,0.0,0.0,-1,0,0,58469134,0.0,0.08551520533894
0,0.0,0.0,0.0,-1,0,0,161627,0.0,37.1225104716415
0,0.0,0.0,0.0,-1,0,0,342428,0.0,14.601609681451285
0,0.0,0.0,0.0,-1,0,0,7009174,0.0,0.8560209805035515
0,0.0,0.0,0.0,-1,0,0,612596,0.0,6.529588831791262
0,0.0,0.0,0.0,-1,0,0,1094762,0.0,10.96128656274149
61611,0.0,0.0,1592.0784389865062,-1,53,17,206020,0.0,9.707795359673815
0,0.0,0.0,0.0,-1,0,0,21999,0.0,90.9132233283331
0,0.0,0.0,0.0,-1,0,0,2564426,0.0,0.7799016232092484
50562,0.0,0.0,1231.7604699639949,-1,19302,17,42216,0.0,47.37540269092288
0,0.0,0.0,0.0,-1,0,0,11517,0.0,173.65633411478686
0,0.0,0.0,0.0,-1,0,0,306241,0.0,9.796206255857316
0,0.0,0.0,0.0,-1,0,0,1025642,0.0,3.89999629500352
0,0.0,0.0,0.0,-1,0,0,704519,0.0,15.613489487153648
0,0.0,0.0,0.0,-1,0,0,20067187,0.0,0.2989955692344921
0,0.0,0.0,0.0,-1,0,0,37240134,0.0,0.053705499555936
0,0.0,0.0,0.0,-1,0,0,72346,0.0,27.64492853785973
0,0.0,0.0,0.0,-1,0,0,312105,0.0,25.632399352781917
443,0.0,0.0,0.0,-1,50041,6,71,0.0,28169.01408450704
50559,0.0,0.0,1233.7770185303818,-1,19302,17,42147,0.0,47.452962251168536
0,0.0,0.0,0.0,-1,0,0,19177258,0.0,0.1042901962313903
0,0.0,0.0,0.0,-1,0,0,420,0.0,4761.9047619047615
0,0.0,0.0,0.0,-1,0,0,2480083,0.0,6.048184677690222
0,0.0,0.0,0.0,-1,0,0,214246,0.0,18.67012686351204
59218,0.0,0.0,30270.70276036805,-1,53,17,7499,0.0,266.70222696359514
0,0.0,0.0,0.0,-1,0,0,1122,0.0,1782.5311942959
0,0.0,0.0,0.0,-1,0,0,1853009,0.0,1.6189883589340366
0,0.0,0.0,0.0,-1,0,0,52602017,0.0,1.8060143967483224
0,0.0,0.0,0.0,-1,0,0,74620149,0.0,0.0268024123082359
0,0.0,0.0,0.0,-1,0,0,709781,0.0,7.044426379404351
0,0.0,0.0,0.0,-1,0,0,180677,0.0,27.673693940014505
0,0.0,0.0,0.0,-1,0,0,90012229,0.0,0.0333288046894161
0,0.0,0.0,0.0,-1,0,0,34991728,0.0,0.0571563656416167
0,0.0,0.0,0.0,-1,0,0,1145303,0.0,1.7462627793693024
0,0.0,0.0,0.0,-1,0,0,714141,0.0,11.202269579816871
0,0.0,0.0,0.0,-1,0,0,2749649,0.0,0.7273655655685508
50126,662.0,2436.0,282.1937540156343,-1,443,6,50029456,195.1468333068913,0.8794818796350693
443,0.0,0.0,781.7110013911375,-1,50152,6,0,0.0,562.7871644774533
0,0.0,0.0,0.0,-1,0,0,4484,0.0,669.0454950936663
0,0.0,0.0,0.0,-1,0,0,62092466,0.0,0.112735094141695
0,0.0,0.0,0.0,-1,0,0,58249231,0.0,0.0686704344646198
0,0.0,0.0,0.0,-1,0,0,1308932,0.0,2.291944883309446
0,0.0,0.0,0.0,-1,0,0,488069,0.0,8.195562512677512
0,0.0,0.0,0.0,-1,0,0,24321509,0.0,0.082231739815157
0,0.0,0.0,0.0,-1,0,0,77193854,0.0,0.2202247862893333
0,0.0,0.0,0.0,-1,0,0,44247664,0.0,0.1130003156776818
0,0.0,0.0,0.0,-1,0,0,23319193,0.0,0.3430650451754484
0,0.0,0.0,0.0,-1,0,0,12056000,0.0,0.2488387524883875
0,0.0,0.0,0.0,-1,0,0,58921072,0.0,0.1188029980174155
0,0.0,0.0,0.0,-1,0,0,253277,0.0,19.74123193183748
0,0.0,0.0,0.0,-1,0,0,96087,0.0,20.81447021969673
0,0.0,0.0,0.0,-1,0,0,258103,0.0,7.74884445357086
0,0.0,0.0,0.0,-1,0,0,414891,0.0,9.641086454032504
0,0.0,0.0,0.0,-1,0,0,789552,0.0,2.5330820515938157
0,0.0,0.0,0.0,-1,0,0,42822816,0.0,12.773564447513213
0,0.0,0.0,0.0,-1,0,0,1740,0.0,2298.850574712644
0,0.0,0.0,0.0,-1,0,0,2064265,0.0,0.9688678536912656
50225,655.0,1266.0,344.8918676680464,-1,443,6,22905730,259.12931134860065,0.9604583656578508
0,0.0,0.0,0.0,-1,0,0,552305,0.0,3.621187568463077
0,0.0,0.0,0.0,-1,0,0,3703184,0.0,2.7003789171696573
0,0.0,0.0,0.0,-1,0,0,208379,0.0,19.195792282331716
0,0.0,0.0,0.0,-1,0,0,1690545,0.0,2.3661008727954598
0,0.0,0.0,0.0,-1,0,0,159209,0.0,31.40525975290342
0,0.0,0.0,0.0,-1,0,0,13115214,0.0,0.2287419785906657
0,0.0,0.0,0.0,-1,0,0,253164,0.0,19.75004345009559
0,0.0,0.0,0.0,-1,0,0,85350,0.0,23.43292325717633
0,0.0,0.0,0.0,-1,0,0,285266,0.0,14.022000518814018
0,0.0,0.0,0.0,-1,0,0,59394168,0.0,0.067346679559515
0,0.0,0.0,0.0,-1,0,0,45254540,0.0,0.1325833827943008
0,0.0,0.0,0.0,-1,0,0,24626,0.0,81.21497604158208
0,0.0,0.0,0.0,-1,0,0,58033247,0.0,0.0344630035951633
50055,0.0,0.0,0.0,-1,443,6,40019550,0.0,0.0999511488759868
0,0.0,0.0,0.0,-1,0,0,2500,0.0,800.0
0,0.0,0.0,0.0,-1,0,0,226874,0.0,8.815465853293018
0,0.0,0.0,0.0,-1,0,0,1037463,0.0,4.819448982758903
0,0.0,0.0,0.0,-1,0,0,58778088,0.0,0.1190919990456307
0,0.0,0.0,0.0,-1,0,0,395174,0.0,5.061061709525424
62831,20.0,40.0,416.8058245942154,-1,19302,17,374275,0.0,16.03099325362367
0,0.0,0.0,0.0,-1,0,0,6925119,0.0,1.1552148056950358
0,0.0,0.0,0.0,-1,0,0,2913712,0.0,1.0296144574343655
0,0.0,0.0,0.0,-1,0,0,85011,0.0,35.28955076401877
0,0.0,0.0,0.0,-1,0,0,16243358,0.0,0.184690874879443
63115,0.0,0.0,966.039979192985,-1,19302,17,53828,0.0,37.15538381511481
0,0.0,0.0,0.0,-1,0,0,35507910,0.0,0.0563254779005579
0,0.0,0.0,0.0,-1,0,0,489668,0.0,8.168800084955521
0,0.0,0.0,0.0,-1,0,0,550951,0.0,9.075217215324049
0,0.0,0.0,0.0,-1,0,0,578255,0.0,13.834726893844412
0,0.0,0.0,0.0,-1,0,0,2425839,0.0,1.648914045820848
0,0.0,0.0,0.0,-1,0,0,89258102,0.0,0.0896277180529785
0,0.0,0.0,0.0,-1,0,0,32004,0.0,62.49218847644045
0,0.0,0.0,0.0,-1,0,0,623946,0.0,4.808108393995634
0,0.0,0.0,0.0,-1,0,0,215,0.0,9302.32558139535
0,0.0,0.0,0.0,-1,0,0,2014463,0.0,0.9928204191389964
137,50.0,100.0,49.63209383245131,-1,137,17,3022238,0.0,0.9926418766490264
0,0.0,0.0,0.0,-1,0,0,409567,0.0,7.324808883528213
0,0.0,0.0,0.0,-1,0,0,358873,0.0,5.573002148392328
0,0.0,0.0,0.0,-1,0,0,33679343,0.0,0.0593835812058447
0,0.0,0.0,0.0,-1,0,0,227971,0.0,8.773045694408498
0,0.0,0.0,0.0,-1,0,0,178025,0.0,16.851565791321445
0,0.0,0.0,0.0,-1,0,0,137489,0.0,14.546618274916538
0,0.0,0.0,0.0,-1,0,0,13280768,0.0,0.1505937006052662
56184,0.0,0.0,26508.875739644973,-1,53,17,4225,0.0,473.3727810650888
0,0.0,0.0,0.0,-1,0,0,112831,0.0,26.58843757477998
0,0.0,0.0,0.0,-1,0,0,1681845,0.0,4.162095793607615
0,0.0,0.0,0.0,-1,0,0,31663238,0.0,0.0947471007229266
0,0.0,0.0,0.0,-1,0,0,37736661,0.0,0.0529988596500363
0,0.0,0.0,0.0,-1,0,0,3005214,0.0,0.6655100102688194
0,0.0,0.0,0.0,-1,0,0,2556826,0.0,0.7822198303678076
0,0.0,0.0,0.0,-1,0,0,41284056,0.0,0.0726672786220423
0,0.0,0.0,0.0,-1,0,0,5930553,0.0,0.6744733585552646
0,0.0,0.0,0.0,-1,0,0,58466505,0.0,0.1026228607302591
0,0.0,0.0,0.0,-1,0,0,15885428,0.0,0.1259015495207305
0,0.0,0.0,0.0,-1,0,0,107003,0.0,28.036597104754076
0,0.0,0.0,0.0,-1,0,0,98427,0.0,20.319627744419723
0,0.0,0.0,0.0,-1,0,0,58337967,0.0,0.1028489731224264
0,0.0,0.0,0.0,-1,0,0,100095,0.0,19.98101803286877
0,0.0,0.0,0.0,-1,0,0,354189,0.0,5.6467027490972335
443,0.0,0.0,0.0,-1,50179,6,36,0.0,55555.55555555556
0,0.0,0.0,0.0,-1,0,0,30839546,0.0,0.1297035955068858
0,0.0,0.0,0.0,-1,0,0,792422,0.0,8.833677005433973
0,0.0,0.0,0.0,-1,0,0,1057450,0.0,1.8913423802543856
50580,0.0,0.0,1251.4138570019013,-1,19302,17,41553,0.0,48.131302192380815
0,0.0,0.0,0.0,-1,0,0,3050733,0.0,0.983370226106316
0,0.0,0.0,0.0,-1,0,0,67177,0.0,29.77209461571669
0,0.0,0.0,0.0,-1,0,0,413952,0.0,9.66295609152752
0,0.0,0.0,0.0,-1,0,0,24791500,0.0,0.3226912449831595
62855,0.0,0.0,1019.6678235974664,-1,19302,17,50997,0.0,39.21799321528717
0,0.0,0.0,0.0,-1,0,0,21574158,0.0,0.231758755080963
57372,0.0,0.0,1185.7256869228138,-1,19302,17,43855,0.0,45.60483411241592
0,0.0,0.0,0.0,-1,0,0,75726,0.0,39.61651216226923
0,0.0,0.0,0.0,-1,0,0,8160,0.0,735.2941176470588
0,0.0,0.0,0.0,-1,0,0,2805,0.0,713.0124777183601
0,0.0,0.0,0.0,-1,0,0,1316002,0.0,11.39815896936327
0,0.0,0.0,0.0,-1,0,0,5808037,0.0,0.3443504233874543
0,0.0,0.0,0.0,-1,0,0,265258,0.0,7.539829147471519
0,0.0,0.0,0.0,-1,0,0,1391879,0.0,5.029172794474232
0,0.0,0.0,0.0,-1,0,0,2144892,0.0,1.8648957616514024
0,0.0,0.0,0.0,-1,0,0,1917305,0.0,1.0431308529420202
0,0.0,0.0,0.0,-1,0,0,23027673,0.0,0.0868520236499797
52871,0.0,0.0,267.1269113017233,-1,53,17,576505,0.0,3.469180666256147
55976,0.0,0.0,1317.6137425146758,-1,53,17,101699,0.0,19.665876753950386
443,0.0,0.0,0.0,-1,50008,6,62004758,0.0,0.0967667674793602
0,0.0,0.0,0.0,-1,0,0,6087428,0.0,0.3285459803384943
54226,0.0,0.0,1787.5212836220633,-1,53,17,165033,0.0,12.118788363539412
0,0.0,0.0,0.0,-1,0,0,8426680,0.0,4.034803742399142
0,0.0,0.0,0.0,-1,0,0,51962919,0.0,0.0577334772128563
443,0.0,0.0,0.0,-1,50181,6,164422,0.0,30.40955589884565
0,0.0,0.0,0.0,-1,0,0,172901,0.0,11.56731308667966
0,0.0,0.0,0.0,-1,0,0,5910879,0.0,0.6767183019649023
0,0.0,0.0,0.0,-1,0,0,4668710,0.0,0.4283838576394764
0,0.0,0.0,0.0,-1,0,0,3000701,0.0,0.6665109252804595
0,0.0,0.0,0.0,-1,0,0,9040,0.0,774.3362831858408
0,0.0,0.0,0.0,-1,0,0,383343,0.0,138.25738307468768
0,0.0,0.0,0.0,-1,0,0,537185,0.0,11.169336448337164
0,0.0,0.0,0.0,-1,0,0,898745,0.0,6.675975944233348
0,0.0,0.0,0.0,-1,0,0,38536206,0.0,0.1556977352674521
0,0.0,0.0,0.0,-1,0,0,74552401,0.0,0.2548543004000635
0,0.0,0.0,0.0,-1,0,0,470830,0.0,10.619544209162544
0,0.0,0.0,0.0,-1,0,0,822394,0.0,2.431924357424786
0,0.0,0.0,0.0,-1,0,0,7607661,0.0,0.3943393376755352
50571,0.0,0.0,1144.013728164738,-1,19302,17,45454,0.0,44.00052800633608
0,0.0,0.0,0.0,-1,0,0,750068,0.0,6.666062277020218
0,0.0,0.0,0.0,-1,0,0,42357077,0.0,0.0472176113568932
61780,0.0,0.0,9916.351861845656,-1,53,17,14824,0.0,134.91635186184564
0,0.0,0.0,0.0,-1,0,0,711069,0.0,4.218999843897006
0,0.0,0.0,0.0,-1,0,0,37835525,0.0,0.1057207478950008
0,0.0,0.0,0.0,-1,0,0,165710,0.0,12.069277653732424
0,0.0,0.0,0.0,-1,0,0,8965,0.0,223.08979364194087
0,0.0,0.0,0.0,-1,0,0,721,0.0,4160.887656033287
0,0.0,0.0,0.0,-1,0,0,73190547,0.0,0.2459333990221442
0,0.0,0.0,0.0,-1,0,0,436555,0.0,20.615959042961368
0,0.0,0.0,0.0,-1,0,0,74629436,0.0,0.0803972309264135
0,0.0,0.0,0.0,-1,0,0,76407988,0.0,0.052350547432292
0,0.0,0.0,0.0,-1,0,0,228941,0.0,17.471750363630804
0,0.0,0.0,0.0,-1,0,0,251019,0.0,7.967524370665169
0,0.0,0.0,0.0,-1,0,0,331269,0.0,159.9908231678787
0,0.0,0.0,0.0,-1,0,0,307181,0.0,9.766229031092418
0,0.0,0.0,0.0,-1,0,0,1554535,0.0,1.929837539843104
0,0.0,0.0,0.0,-1,0,0,170,0.0,11764.70588235294
0,0.0,0.0,0.0,-1,0,0,36282853,0.0,0.0551224568806648
0,0.0,0.0,0.0,-1,0,0,749770,0.0,2.6674846953065603
0,0.0,0.0,0.0,-1,0,0,13343639,0.0,0.1498841507927485
0,0.0,0.0,0.0,-1,0,0,59042174,0.0,0.0338740914248855
0,0.0,0.0,0.0,-1,0,0,2722299,0.0,1.836682891923334
0,0.0,0.0,0.0,-1,0,0,480510,0.0,4.162244282116918
0,0.0,0.0,0.0,-1,0,0,58058052,0.0,0.0344482794565687
0,0.0,0.0,0.0,-1,0,0,177780,0.0,16.874789065136685
0,0.0,0.0,0.0,-1,0,0,1142360,0.0,4.37690395321965
0,0.0,0.0,0.0,-1,0,0,3795,0.0,790.5138339920949
0,0.0,0.0,0.0,-1,0,0,10243989,0.0,0.4880911137253271
0,0.0,0.0,0.0,-1,0,0,3954487,0.0,1.0115092046073233
0,0.0,0.0,0.0,-1,0,0,1454712,0.0,4.811949031835855
0,0.0,0.0,0.0,-1,0,0,6154456,0.0,0.324967795691447
0,0.0,0.0,0.0,-1,0,0,49931350,0.0,0.0400549955088336
0,0.0,0.0,0.0,-1,0,0,52291388,0.0,0.0573708236622061
0,0.0,0.0,0.0,-1,0,0,88874,0.0,22.50376938137138
0,0.0,0.0,0.0,-1,0,0,61155933,0.0,0.0490549297972447
0,0.0,0.0,0.0,-1,0,0,8676541,0.0,0.345759905934865
50577,0.0,0.0,1035.4234284462675,-1,19302,17,50221,0.0,39.82397801716413
0,0.0,0.0,0.0,-1,0,0,4340452,0.0,0.4607815038618097
0,0.0,0.0,0.0,-1,0,0,1248,0.0,1602.5641025641023
0,0.0,0.0,0.0,-1,0,0,5800838,0.0,4.482111032923174
0,0.0,0.0,0.0,-1,0,0,47701506,0.0,0.0838547948570009
0,0.0,0.0,0.0,-1,0,0,22745952,0.0,0.1758554665023473
0,0.0,0.0,0.0,-1,0,0,5958441,0.0,0.3356582703428632
0,0.0,0.0,0.0,-1,0,0,992876,0.0,29.208078350166588
0,0.0,0.0,0.0,-1,0,0,62105,0.0,80.50881571532082
0,0.0,0.0,0.0,-1,0,0,5877192,0.0,1.5313435395678754
0,0.0,0.0,0.0,-1,0,0,40330804,0.0,0.0991797733563655
0,0.0,0.0,0.0,-1,0,0,9473034,0.0,1.055628006824424
0,0.0,0.0,0.0,-1,0,0,227013,0.0,22.025170364692773
0,0.0,0.0,0.0,-1,0,0,1448317,0.0,2.071369734664441
0,0.0,0.0,0.0,-1,0,0,11619469,0.0,0.258187357787176
60681,0.0,0.0,1153.4025374855826,-1,19302,17,45084,0.0,44.36163605713779
0,0.0,0.0,0.0,-1,0,0,224797,0.0,8.896915884108774
63001,0.0,0.0,2821.2100611828687,-1,53,17,88260,0.0,22.660321776569223
0,0.0,0.0,0.0,-1,0,0,101785,0.0,19.64926069656629
0,0.0,0.0,0.0,-1,0,0,3762222,0.0,1.0632014804017411
0,0.0,0.0,0.0,-1,0,0,513888,0.0,11.67569587147394
0,0.0,0.0,0.0,-1,0,0,94643787,0.0,0.2218846124574452
0,0.0,0.0,0.0,-1,0,0,30975,0.0,64.5682001614205
0,0.0,0.0,0.0,-1,0,0,6797203,0.0,0.2942386743488461
0,0.0,0.0,0.0,-1,0,0,100996992,0.0,0.3762488292720638
0,0.0,0.0,0.0,-1,0,0,484248,0.0,12.390345442830943
0,0.0,0.0,0.0,-1,0,0,36348203,0.0,0.2200934114954734
0,0.0,0.0,0.0,-1,0,0,104044,0.0,19.22263657683288
0,0.0,0.0,0.0,-1,0,0,11118356,0.0,0.2698240639173633
0,0.0,0.0,0.0,-1,0,0,4341259,0.0,0.4606958488309497
0,0.0,0.0,0.0,-1,0,0,10884,0.0,183.75597206909225
0,0.0,0.0,0.0,-1,0,0,90013007,0.0,0.0333285166220477
0,0.0,0.0,0.0,-1,0,0,106966,0.0,46.74382514069891
0,0.0,0.0,0.0,-1,0,0,12597245,0.0,0.1587648727955993
0,0.0,0.0,0.0,-1,0,0,81536576,0.0,5.555788852355047
0,0.0,0.0,0.0,-1,0,0,66980,0.0,29.85965959988056
0,0.0,0.0,0.0,-1,0,0,35899563,0.0,0.0557109845598956
0,0.0,0.0,0.0,-1,0,0,61711515,0.0,0.2106576057969084
0,0.0,0.0,0.0,-1,0,0,19155840,0.0,0.2088136046239684
0,0.0,0.0,0.0,-1,0,0,48566243,0.0,35.29200313065188
0,0.0,0.0,0.0,-1,0,0,6686227,0.0,0.598244720079052
0,0.0,0.0,0.0,-1,0,0,8095,0.0,370.5991352686844
0,0.0,0.0,0.0,-1,0,0,739957,0.0,6.757149401924707
50219,968.0,2361.0,875.5336293409258,-1,443,6,10825398,284.459974816717,2.8636360529192557
0,0.0,0.0,0.0,-1,0,0,3319144,0.0,0.6025649986864083
0,0.0,0.0,0.0,-1,0,0,47798832,0.0,0.1255260798004436
0,0.0,0.0,0.0,-1,0,0,6145237,0.0,1.4645488855840711
0,0.0,0.0,0.0,-1,0,0,134229,0.0,37.24977463886344
0,0.0,0.0,0.0,-1,0,0,101807,0.0,29.467521879635
0,0.0,0.0,0.0,-1,0,0,854623,0.0,5.850532925044142
0,0.0,0.0,0.0,-1,0,0,4407555,0.0,0.4537663171531608
0,0.0,0.0,0.0,-1,0,0,3814184,0.0,0.5243585521831144
0,0.0,0.0,0.0,-1,0,0,2631417,0.0,0.7600467732784276
0,0.0,0.0,0.0,-1,0,0,16589679,0.0,2.350859230006801
0,0.0,0.0,0.0,-1,0,0,76665719,0.0,0.0652181974579798
0,0.0,0.0,0.0,-1,0,0,233737,0.0,17.11325121824957
0,0.0,0.0,0.0,-1,0,0,747634,0.0,6.687764333885297
0,0.0,0.0,0.0,-1,0,0,13498714,0.0,0.1481622619754741
0,0.0,0.0,0.0,-1,0,0,4521114,0.0,0.8847376996023547
0,0.0,0.0,0.0,-1,0,0,111434385,0.0,2.7998539230059016
0,0.0,0.0,0.0,-1,0,0,221068,0.0,9.046990066404907
0,0.0,0.0,0.0,-1,0,0,41605841,0.0,0.0480701736085565
0,0.0,0.0,0.0,-1,0,0,58755297,0.0,0.0340394841336603
0,0.0,0.0,0.0,-1,0,0,15431729,0.0,0.1944046580911315
50206,0.0,0.0,653.901654174523,-1,53,17,406789,0.0,4.916553790785886
0,0.0,0.0,0.0,-1,0,0,112962,0.0,26.557603441865403
0,0.0,0.0,0.0,-1,0,0,103568,0.0,28.96647613162367
0,0.0,0.0,0.0,-1,0,0,12795408,0.0,0.156306074804336
137,50.0,100.0,49.75243189887122,-1,137,17,3014928,0.0,0.9950486379774244
0,0.0,0.0,0.0,-1,0,0,58551182,0.0,0.0853953725477309
0,0.0,0.0,0.0,-1,0,0,29864925,0.0,0.1674204773660071
0,0.0,0.0,0.0,-1,0,0,1074658,0.0,47.45695839978859
0,0.0,0.0,0.0,-1,0,0,59190505,0.0,0.0675784063677105
0,0.0,0.0,0.0,-1,0,0,865040,0.0,13.872190881346526
0,0.0,0.0,0.0,-1,0,0,28394982,0.0,0.1056524705668064
0,0.0,0.0,0.0,-1,0,0,3785389,0.0,0.7925209271755161
0,0.0,0.0,0.0,-1,0,0,567066,0.0,47.61350530626065
0,0.0,0.0,0.0,-1,0,0,6604356,0.0,0.3028304349432404
0,0.0,0.0,0.0,-1,0,0,40283732,0.0,0.1737674155909884
0,0.0,0.0,0.0,-1,0,0,94272816,0.0,0.1060751171366303
0,0.0,0.0,0.0,-1,0,0,709830,0.0,4.226364059000042
0,0.0,0.0,0.0,-1,0,0,5548678,0.0,0.540669327000053
0,0.0,0.0,0.0,-1,0,0,81677396,0.0,0.0367298683224426
0,0.0,0.0,0.0,-1,0,0,2013281,0.0,0.993403305350818
0,0.0,0.0,0.0,-1,0,0,46514426,0.0,0.7309560264164068
0,0.0,0.0,0.0,-1,0,0,1963463,0.0,1.0186084484403322
0,0.0,0.0,0.0,-1,0,0,42951804,0.0,0.0698457275508148
0,0.0,0.0,0.0,-1,0,0,4512488,0.0,0.8864289500603657
0,0.0,0.0,0.0,-1,0,0,122777,0.0,16.289695952825042
0,0.0,0.0,0.0,-1,0,0,25520,0.0,78.36990595611285
0,0.0,0.0,0.0,-1,0,0,2716563,0.0,22.454844595910348
5353,740.0,8991.0,100.7159679347671,-1,5353,17,90214096,225.7191037398108,0.3436270092425467
0,0.0,0.0,0.0,-1,0,0,1186724,0.0,10.95452691611529
0,0.0,0.0,0.0,-1,0,0,40743401,0.0,0.0490877037977266
0,0.0,0.0,0.0,-1,0,0,58294654,0.0,0.034308463345541
0,0.0,0.0,0.0,-1,0,0,7336878,0.0,0.2725955099703171
0,0.0,0.0,0.0,-1,0,0,577429,0.0,6.927258589367698
0,0.0,0.0,0.0,-1,0,0,59376327,0.0,0.1010503731562917
0,0.0,0.0,0.0,-1,0,0,63147079,0.0,2.676291646047476
0,0.0,0.0,0.0,-1,0,0,2121,0.0,942.951438000943
0,0.0,0.0,0.0,-1,0,0,874563,0.0,2.2868564071427677
0,0.0,0.0,0.0,-1,0,0,3621,0.0,1933.1676332504835
0,0.0,0.0,0.0,-1,0,0,70217,0.0,28.48313086574476
0,0.0,0.0,0.0,-1,0,0,47,0.0,42553.19148936171
0,0.0,0.0,0.0,-1,0,0,35578527,0.0,0.0562136819211205
0,0.0,0.0,0.0,-1,0,0,131742,0.0,37.95296868121024
0,0.0,0.0,0.0,-1,0,0,126295,0.0,47.50781899520963
0,0.0,0.0,0.0,-1,0,0,40471570,0.0,0.0494174058481052
0,0.0,0.0,0.0,-1,0,0,13623604,0.0,0.1468040321782694
0,0.0,0.0,0.0,-1,0,0,9709697,0.0,3.913613370221543
0,0.0,0.0,0.0,-1,0,0,6446490,0.0,0.3102463511151029
443,0.0,0.0,0.0,-1,50189,6,39,0.0,51282.05128205128
0,0.0,0.0,0.0,-1,0,0,1247867,0.0,9.616409441070244
0,0.0,0.0,0.0,-1,0,0,6932524,0.0,0.2884952147298733
0,0.0,0.0,0.0,-1,0,0,794860,0.0,2.516166368920313
0,0.0,0.0,0.0,-1,0,0,16618,0.0,120.35142616440004
0,0.0,0.0,0.0,-1,0,0,831515,0.0,4.810496503370354
0,0.0,0.0,0.0,-1,0,0,1020261,0.0,6.860989491904522
0,0.0,0.0,0.0,-1,0,0,4146338,0.0,1.4470600322501446
0,0.0,0.0,0.0,-1,0,0,84794178,0.0,0.0943461000353113
0,0.0,0.0,0.0,-1,0,0,58161368,0.0,0.0343870866311122
0,0.0,0.0,0.0,-1,0,0,44373,0.0,45.07245396975638
50222,309.0,691.0,5319.611086430156,-1,443,6,1220014,139.50830321764604,14.75392905327316
0,0.0,0.0,0.0,-1,0,0,7089866,0.0,0.4231391679334983
0,0.0,0.0,0.0,-1,0,0,7038292,0.0,0.7103996253636535
0,0.0,0.0,0.0,-1,0,0,290,0.0,10344.827586206897
0,0.0,0.0,0.0,-1,0,0,768243,0.0,2.6033429526855434
0,0.0,0.0,0.0,-1,0,0,76175560,0.0,0.0393827101500796
0,0.0,0.0,0.0,-1,0,0,149408,0.0,26.77232812165345
0,0.0,0.0,0.0,-1,0,0,150250,0.0,19.96672212978369
0,0.0,0.0,0.0,-1,0,0,81204,0.0,36.943992906753365
0,0.0,0.0,0.0,-1,0,0,82284,0.0,36.45909289776871
0,0.0,0.0,0.0,-1,0,0,8298215,0.0,0.2410156883136915
0,0.0,0.0,0.0,-1,0,0,34918416,0.0,0.1145527334344146
0,0.0,0.0,0.0,-1,0,0,543215,0.0,9.204458639765102
0,0.0,0.0,0.0,-1,0,0,30926871,0.0,0.0646686824541674
0,0.0,0.0,0.0,-1,0,0,129296,0.0,30.93676525182527
0,0.0,0.0,0.0,-1,0,0,5325666,0.0,0.3755398855279321
0,0.0,0.0,0.0,-1,0,0,2708100,0.0,0.7385251652450058
0,0.0,0.0,0.0,-1,0,0,4136,0.0,483.55899419729207
0,0.0,0.0,0.0,-1,0,0,48909071,0.0,0.0817844199085278
0,0.0,0.0,0.0,-1,0,0,2035313,0.0,1.4739747645693808
0,0.0,0.0,0.0,-1,0,0,121459,0.0,16.466461933656625
5353,377.0,821.0,1376.086450607603,-1,5353,17,790648,171.0970484841863,7.588712043791927
0,0.0,0.0,0.0,-1,0,0,472518,0.0,8.46528597852357
0,0.0,0.0,0.0,-1,0,0,15318693,0.0,0.1305594413309281
50182,0.0,0.0,0.0,-1,443,6,50584,0.0,59.307290842954295
0,0.0,0.0,0.0,-1,0,0,6034630,0.0,0.3314204847687431
443,0.0,0.0,781.7110013911375,-1,50160,6,0,0.0,562.7871644774533
0,0.0,0.0,0.0,-1,0,0,16842246,0.0,4.037466261922549
0,0.0,0.0,0.0,-1,0,0,334394,0.0,11.96193711609658
0,0.0,0.0,0.0,-1,0,0,231220,0.0,21.624426952685752
0,0.0,0.0,0.0,-1,0,0,5649,0.0,354.0449637103912
0,0.0,0.0,0.0,-1,0,0,566338,0.0,3.5314600115125594
0,0.0,0.0,0.0,-1,0,0,270359,0.0,18.493928443292067
0,0.0,0.0,0.0,-1,0,0,2014615,0.0,0.992745512169819
0,0.0,0.0,0.0,-1,0,0,68244833,0.0,0.1025718679683779
0,0.0,0.0,0.0,-1,0,0,13381542,0.0,0.6725682286839588
0,0.0,0.0,0.0,-1,0,0,88,0.0,22727.272727272728
0,0.0,0.0,0.0,-1,0,0,45317944,0.0,0.0441326287882786
0,0.0,0.0,0.0,-1,0,0,58405351,0.0,0.0342434377288478
0,0.0,0.0,0.0,-1,0,0,322178,0.0,12.415497023384589
0,0.0,0.0,0.0,-1,0,0,70157,0.0,57.01498068617529
0,0.0,0.0,0.0,-1,0,0,118524,0.0,16.87421956734501
0,0.0,0.0,0.0,-1,0,0,16940701,0.0,0.1180588689924932
0,0.0,0.0,0.0,-1,0,0,578,0.0,8650.51903114187
0,0.0,0.0,0.0,-1,0,0,7988985,0.0,0.2503446933496558
0,0.0,0.0,0.0,-1,0,0,22064810,0.0,0.090642067618076
0,0.0,0.0,0.0,-1,0,0,16772997,0.0,0.1192392748892759
0,0.0,0.0,0.0,-1,0,0,1673970,0.0,1.7921468126668938
0,0.0,0.0,0.0,-1,0,0,328914,0.0,15.201542044424988
0,0.0,0.0,0.0,-1,0,0,6611848,0.0,0.3024872925088417
443,0.0,0.0,0.0,-1,50155,6,41,0.0,48780.487804878045
0,0.0,0.0,0.0,-1,0,0,824289,0.0,3.639500223829264
62838,0.0,0.0,1275.8857591520266,-1,19302,17,40756,0.0,49.07252919815488
0,0.0,0.0,0.0,-1,0,0,1109,0.0,4508.566275924256
0,0.0,0.0,0.0,-1,0,0,43808465,0.0,0.045653277283283
0,0.0,0.0,0.0,-1,0,0,10439395,0.0,1.053700908912825
0,0.0,0.0,0.0,-1,0,0,771238,0.0,9.076316260350245
49796,175.0,525.0,232.5002848128489,-1,1900,17,3010749,0.0,1.328573056073422
0,0.0,0.0,0.0,-1,0,0,3119843,0.0,3.205289496939429
0,0.0,0.0,0.0,-1,0,0,14128345,0.0,0.1415593970843718
0,0.0,0.0,0.0,-1,0,0,89040,0.0,22.461814914645103
0,0.0,0.0,0.0,-1,0,0,18484319,0.0,0.1081998206155174
0,0.0,0.0,0.0,-1,0,0,14810358,0.0,0.1350406249464057
0,0.0,0.0,0.0,-1,0,0,174387,0.0,11.468744803225013
50161,667.0,1782.0,146.8109936037196,-1,443,6,50439002,248.10060511093127,0.6146037544517633
0,0.0,0.0,0.0,-1,0,0,613246,0.0,4.892000926218842
0,0.0,0.0,0.0,-1,0,0,1779975,0.0,7.865279006727622
0,0.0,0.0,0.0,-1,0,0,3006458,0.0,1.3304692764708506
0,0.0,0.0,0.0,-1,0,0,38110332,0.0,0.1049584139020358
0,0.0,0.0,0.0,-1,0,0,1308836,0.0,4.584225984004108
0,0.0,0.0,0.0,-1,0,0,1187039,0.0,4.212161521230558
0,0.0,0.0,0.0,-1,0,0,493112,0.0,12.167621148947909
0,0.0,0.0,0.0,-1,0,0,21294,0.0,93.92317084624776
0,0.0,0.0,0.0,-1,0,0,1349519,0.0,8.151052337907062
0,0.0,0.0,0.0,-1,0,0,10666578,0.0,1.1250093516402355
0,0.0,0.0,0.0,-1,0,0,7336938,0.0,0.2725932807391857
0,0.0,0.0,0.0,-1,0,0,197960,0.0,15.154576682158012
56600,133.0,928.0,17.14890465092531,-1,1900,17,61811528,0.5345224838248464,0.1294256954786815
0,0.0,0.0,0.0,-1,0,0,52,0.0,38461.53846153846
0,0.0,0.0,0.0,-1,0,0,8766393,0.0,0.2281440040390614
443,0.0,0.0,0.0,-1,50127,6,72,0.0,27777.777777777777
0,0.0,0.0,0.0,-1,0,0,736880,0.0,13.570730648138095
0,0.0,0.0,0.0,-1,0,0,92506376,0.0,0.0432402627036216
62828,0.0,0.0,1167.883211678832,-1,19302,17,44525,0.0,44.91858506457047
0,0.0,0.0,0.0,-1,0,0,15799868,0.0,0.3164583400317015
0,0.0,0.0,0.0,-1,0,0,47051334,0.0,0.1275202951737776
0,0.0,0.0,0.0,-1,0,0,57683,0.0,52.00839068703084
0,0.0,0.0,0.0,-1,0,0,28977937,0.0,0.0690180256793297
0,0.0,0.0,0.0,-1,0,0,177354,0.0,11.276881265717153
0,0.0,0.0,0.0,-1,0,0,473001,0.0,10.57080217589392
137,50.0,100.0,49.97371382652725,-1,137,17,3001578,0.0,0.999474276530545
0,0.0,0.0,0.0,-1,0,0,637768,0.0,7.839841447046575
0,0.0,0.0,0.0,-1,0,0,36703588,0.0,0.1089811709961434
0,0.0,0.0,0.0,-1,0,0,6931041,0.0,0.2885569426006858
0,0.0,0.0,0.0,-1,0,0,62708730,0.0,17.06301499009787
0,0.0,0.0,0.0,-1,0,0,1668151,0.0,1.7983983464326672
0,0.0,0.0,0.0,-1,0,0,370795,0.0,8.090723984951254
0,0.0,0.0,0.0,-1,0,0,228755,0.0,8.742978295556382
0,0.0,0.0,0.0,-1,0,0,781687,0.0,5.117137677868508
0,0.0,0.0,0.0,-1,0,0,39113994,0.0,1.3038811633503855
0,0.0,0.0,0.0,-1,0,0,681076,0.0,8.809589531858412
0,0.0,0.0,0.0,-1,0,0,5234827,0.0,0.3820565607994304
0,0.0,0.0,0.0,-1,0,0,2589789,0.0,0.7722636863466483
0,0.0,0.0,0.0,-1,0,0,600825,0.0,8.321890733574667
0,0.0,0.0,0.0,-1,0,0,3028245,0.0,3.302242718142026
63103,20.0,20.0,522.2168103599781,-1,19302,17,199151,0.0,20.08526193692224
0,0.0,0.0,0.0,-1,0,0,61628032,0.0,0.0324527643524297
0,0.0,0.0,0.0,-1,0,0,4136193,0.0,1.450609292167943
0,0.0,0.0,0.0,-1,0,0,90003,0.0,22.22148150617201
0,0.0,0.0,0.0,-1,0,0,23227017,0.0,0.2583198694864691
0,0.0,0.0,0.0,-1,0,0,5039553,0.0,4.365466540385626
0,0.0,0.0,0.0,-1,0,0,39133,0.0,51.10776071346434
0,0.0,0.0,0.0,-1,0,0,149764,0.0,20.03151625223685
0,0.0,0.0,0.0,-1,0,0,4524617,0.0,2.652158182670489
0,0.0,0.0,0.0,-1,0,0,916674,0.0,10.909003637061812
0,0.0,0.0,0.0,-1,0,0,8985187,0.0,0.2225885782900233
62864,0.0,0.0,1334.839305883561,-1,19302,17,38956,0.0,51.33997330321389
0,0.0,0.0,0.0,-1,0,0,295015,0.0,6.779316305950545
0,0.0,0.0,0.0,-1,0,0,1350990,0.0,3.700989644630975
0,0.0,0.0,0.0,-1,0,0,1137183,0.0,14.069855071699102
0,0.0,0.0,0.0,-1,0,0,2668482,0.0,0.7494897848289777
0,0.0,0.0,0.0,-1,0,0,220516,0.0,22.674091675887464
0,0.0,0.0,0.0,-1,0,0,2376070,0.0,1.26258906513697
0,0.0,0.0,0.0,-1,0,0,20288168,0.0,0.0985796253264464
0,0.0,0.0,0.0,-1,0,0,192669,0.0,10.380497122007172
0,0.0,0.0,0.0,-1,0,0,31904953,0.0,0.1567154792548981
0,0.0,0.0,0.0,-1,0,0,19777759,0.0,0.2022473830326277
0,0.0,0.0,0.0,-1,0,0,59056182,0.0,0.0846651414072112
0,0.0,0.0,0.0,-1,0,0,550810,0.0,3.6310161398667415
62873,0.0,0.0,1280.1260431796363,-1,19302,17,40621,0.0,49.235617045370624
0,0.0,0.0,0.0,-1,0,0,2630513,0.0,0.7603079703464685
0,0.0,0.0,0.0,-1,0,0,907401,0.0,6.612291588834484
0,0.0,0.0,0.0,-1,0,0,221104,0.0,18.09103408350821
0,0.0,0.0,0.0,-1,0,0,17446326,0.0,0.1146373167622799
0,0.0,0.0,0.0,-1,0,0,3295016,0.0,0.6069773257550191
0,0.0,0.0,0.0,-1,0,0,3274435,0.0,3.970150575595485
0,0.0,0.0,0.0,-1,0,0,238442,0.0,8.387784031336762
0,0.0,0.0,0.0,-1,0,0,10222,0.0,391.3128546272745
62848,0.0,0.0,1288.3405183093007,-1,19302,17,40362,0.0,49.55155839651157
0,0.0,0.0,0.0,-1,0,0,2405448,0.0,1.6628919020490156
0,0.0,0.0,0.0,-1,0,0,890171,0.0,10.110416987297944
61518,0.0,0.0,262.6265128897588,-1,53,17,403615,0.0,4.955217224335072
0,0.0,0.0,0.0,-1,0,0,1512,0.0,1984.126984126984
0,0.0,0.0,0.0,-1,0,0,86433656,0.0,0.0925565383928686
0,0.0,0.0,0.0,-1,0,0,1840065,0.0,3.804213438112241
0,0.0,0.0,0.0,-1,0,0,20515251,0.0,0.194976897918529
62876,0.0,0.0,992.1770654455256,-1,19302,17,52410,0.0,38.16065636328945
0,0.0,0.0,0.0,-1,0,0,6939434,0.0,0.4323119147757583
0,0.0,0.0,0.0,-1,0,0,13450927,0.0,0.9664761395255508
0,0.0,0.0,0.0,-1,0,0,402485,0.0,9.93825856864231
0,0.0,0.0,0.0,-1,0,0,12274036,0.0,0.2444183803925619
0,0.0,0.0,0.0,-1,0,0,20502960,0.0,0.0975468907904029
0,0.0,0.0,0.0,-1,0,0,2148519,0.0,1.3963106679531343
0,0.0,0.0,0.0,-1,0,0,102391,0.0,19.53296676465705
0,0.0,0.0,0.0,-1,0,0,259666,0.0,19.25550514892208
0,0.0,0.0,0.0,-1,0,0,317659,0.0,6.296059611092398
0,0.0,0.0,0.0,-1,0,0,2407421,0.0,1.6615290802896543
0,0.0,0.0,0.0,-1,0,0,2401435,0.0,1.2492530507800543
0,0.0,0.0,0.0,-1,0,0,469850,0.0,10.641694157709908
63100,20.0,20.0,365.07368169787344,-1,19302,17,284874,0.0,14.04129544991821
0,0.0,0.0,0.0,-1,0,0,17117,0.0,175.2643570719168
0,0.0,0.0,0.0,-1,0,0,36201602,0.0,0.0828692608686212
0,0.0,0.0,0.0,-1,0,0,21738247,0.0,0.0920037388479393
0,0.0,0.0,0.0,-1,0,0,94558217,0.0,0.3701423431027681
0,0.0,0.0,0.0,-1,0,0,51523851,0.0,0.0776339485959619
0,0.0,0.0,0.0,-1,0,0,13869151,0.0,0.1442049336689751
0,0.0,0.0,0.0,-1,0,0,1200854,0.0,1.6654813990709945
0,0.0,0.0,0.0,-1,0,0,851,0.0,3525.264394829612
0,0.0,0.0,0.0,-1,0,0,23185308,0.0,0.0862615238926306
50187,1412.0,6008.0,415.577425699138,-1,443,6,33161089,534.8753076851107,4.885243666153425
0,0.0,0.0,0.0,-1,0,0,13002810,0.0,0.3076258131896106
0,0.0,0.0,0.0,-1,0,0,11721895,0.0,2.7299340251725512
0,0.0,0.0,0.0,-1,0,0,233109,0.0,12.869515977504085
50030,0.0,0.0,0.0307134815475859,-1,443,6,32558992,0.0,0.1535674077379299
0,0.0,0.0,0.0,-1,0,0,5635601,0.0,0.532330092211993
0,0.0,0.0,0.0,-1,0,0,15414239,0.0,0.1297501615227323
0,0.0,0.0,0.0,-1,0,0,3839896,0.0,0.5208474396181564
0,0.0,0.0,0.0,-1,0,0,59100267,0.0,0.0846019866543073
0,0.0,0.0,0.0,-1,0,0,705483,0.0,2.834937199053698
0,0.0,0.0,0.0,-1,0,0,24567734,0.0,1.7502631703843747
0,0.0,0.0,0.0,-1,0,0,12033398,0.0,0.2493061394628516
0,0.0,0.0,0.0,-1,0,0,8169849,0.0,0.4896051322368382
0,0.0,0.0,0.0,-1,0,0,697,0.0,4304.16068866571
0,0.0,0.0,0.0,-1,0,0,271537,0.0,18.41369684426064
0,0.0,0.0,0.0,-1,0,0,18109461,0.0,0.1104395100439488
0,0.0,0.0,0.0,-1,0,0,627471,0.0,6.374796604145849
0,0.0,0.0,0.0,-1,0,0,48431,0.0,61.94379632879767
63088,0.0,0.0,1108.6001790815674,-1,19302,17,46906,0.0,42.638468426214125
0,0.0,0.0,0.0,-1,0,0,39771571,0.0,1.8606255206765656
0,0.0,0.0,0.0,-1,0,0,10260657,0.0,0.1949192922051677
0,0.0,0.0,0.0,-1,0,0,63957,0.0,31.271010209984837
0,0.0,0.0,0.0,-1,0,0,26225,0.0,76.26310772163966
0,0.0,0.0,0.0,-1,0,0,19591,0.0,102.08769332856924
0,0.0,0.0,0.0,-1,0,0,67698,0.0,29.54297025022896
0,0.0,0.0,0.0,-1,0,0,5528220,0.0,0.3617801028179052
0,0.0,0.0,0.0,-1,0,0,6770964,0.0,1.0338262025909457
0,0.0,0.0,0.0,-1,0,0,273993,0.0,18.24864138864861
0,0.0,0.0,0.0,-1,0,0,197921,0.0,15.157562865991986
50166,450.0,455.0,27.599234339239608,-1,80,6,50689812,158.84713001589205,0.3353731120565213
0,0.0,0.0,0.0,-1,0,0,26840376,0.0,0.0745146044153777
0,0.0,0.0,0.0,-1,0,0,33444480,0.0,0.1196012017528752
0,0.0,0.0,0.0,-1,0,0,12508589,0.0,0.1598901362895527
0,0.0,0.0,0.0,-1,0,0,1391,0.0,2875.629043853343
43391,501.0,8841.0,83257.67450222482,-1,1900,17,111245,29.885062473823403,179.78336104993485
0,0.0,0.0,0.0,-1,0,0,8811,0.0,567.4724775848372
62594,0.0,0.0,1002.0952901521364,-1,53,17,87816,0.0,22.774892958003097
0,0.0,0.0,0.0,-1,0,0,161153,0.0,12.410566356195666
0,0.0,0.0,0.0,-1,0,0,20754048,0.0,6.215654892963531
0,0.0,0.0,0.0,-1,0,0,2332200,0.0,0.8575593859874797
0,0.0,0.0,0.0,-1,0,0,43901695,0.0,0.1138908190219079
0,0.0,0.0,0.0,-1,0,0,6941928,0.0,0.5762087996303045
0,0.0,0.0,0.0,-1,0,0,58831488,0.0,0.1019862016748582
0,0.0,0.0,0.0,-1,0,0,1004333,0.0,1.9913713877767636
0,0.0,0.0,0.0,-1,0,0,711505,0.0,2.8109430011032948
0,0.0,0.0,0.0,-1,0,0,6286543,0.0,0.4772098114973523
0,0.0,0.0,0.0,-1,0,0,78137139,0.0,0.2687582405595884
0,0.0,0.0,0.0,-1,0,0,66766959,0.0,0.0299549362432397
0,0.0,0.0,0.0,-1,0,0,20066907,0.0,0.298999741215724
0,0.0,0.0,0.0,-1,0,0,3897521,0.0,0.5131466899087908
62882,0.0,0.0,1019.3280276002666,-1,19302,17,51014,0.0,39.2049241384718
0,0.0,0.0,0.0,-1,0,0,891,0.0,7856.341189674523
0,0.0,0.0,0.0,-1,0,0,1309659,0.0,12.216920587725507
0,0.0,0.0,0.0,-1,0,0,80510,0.0,24.841634579555336
0,0.0,0.0,0.0,-1,0,0,5308830,0.0,0.3767308427657317
0,0.0,0.0,0.0,-1,0,0,74671067,0.0,0.2544492902451762
0,0.0,0.0,0.0,-1,0,0,51488481,0.0,0.1942181980470544
0,0.0,0.0,0.0,-1,0,0,59305902,0.0,0.0674469127878705
0,0.0,0.0,0.0,-1,0,0,59072629,0.0,0.0677132551523989
0,0.0,0.0,0.0,-1,0,0,23442906,0.0,0.1706273104537466
0,0.0,0.0,0.0,-1,0,0,25849391,0.0,0.0773712618606759
0,0.0,0.0,0.0,-1,0,0,990,0.0,7070.707070707071
0,0.0,0.0,0.0,-1,0,0,7047044,0.0,0.9933242931362428
0,0.0,0.0,0.0,-1,0,0,568444,0.0,3.5183764803569044
50035,0.0,0.0,0.0,-1,443,6,40011819,0.0,0.0999704612279686
0,0.0,0.0,0.0,-1,0,0,133025,0.0,37.58691975192633
0,0.0,0.0,0.0,-1,0,0,8095,0.0,247.0660901791229
0,0.0,0.0,0.0,-1,0,0,73843428,0.0,0.2031324981283371
0,0.0,0.0,0.0,-1,0,0,83503465,0.0,4.227369487002725
0,0.0,0.0,0.0,-1,0,0,6690342,0.0,2.5409762311104576
0,0.0,0.0,0.0,-1,0,0,446082,0.0,4.483480615671558
0,0.0,0.0,0.0,-1,0,0,42094633,0.0,9.739959010926642
137,50.0,100.0,49.7321756566968,-1,137,17,3016156,0.0,0.994643513133936
0,0.0,0.0,0.0,-1,0,0,58258067,0.0,0.068660019221029
0,0.0,0.0,0.0,-1,0,0,207511,0.0,9.63804328445239
0,0.0,0.0,0.0,-1,0,0,19938405,0.0,0.10030892641613
0,0.0,0.0,0.0,-1,0,0,19586,0.0,102.11375472276116
0,0.0,0.0,0.0,-1,0,0,84779,0.0,23.59074770874863
50156,661.0,1533.0,351.1705888321478,-1,443,6,28049046,210.58840726100587,1.1408587657491096
0,0.0,0.0,0.0,-1,0,0,11643,0.0,171.77703341063298
63097,20.0,40.0,420.45570930339113,-1,19302,17,371026,0.0,16.171373434745814
0,0.0,0.0,0.0,-1,0,0,218199,0.0,9.165944848509849
0,0.0,0.0,0.0,-1,0,0,2907271,0.0,1.7198259123418491
0,0.0,0.0,0.0,-1,0,0,242,0.0,8264.462809917355
0,0.0,0.0,0.0,-1,0,0,24634202,0.0,0.1623758707507554
0,0.0,0.0,0.0,-1,0,0,41865346,0.0,0.0716583113871792
63094,0.0,0.0,606.0464791030512,-1,19302,17,85802,0.0,23.309479965501968
0,0.0,0.0,0.0,-1,0,0,2516565,0.0,0.794734091907024
0,0.0,0.0,0.0,-1,0,0,233232,0.0,17.150305275433904
0,0.0,0.0,0.0,-1,0,0,384154,0.0,18.22185894198681
0,0.0,0.0,0.0,-1,0,0,109992913,0.0,0.6454961330099512
0,0.0,0.0,0.0,-1,0,0,76648634,0.0,0.1565585630658466
0,0.0,0.0,0.0,-1,0,0,20090363,0.0,0.09955021718622
50162,672.0,1512.0,112.07690412850366,-1,443,6,51723413,239.2203244633776,0.4640065032058112
0,0.0,0.0,0.0,-1,0,0,20857329,0.0,0.7671164414197044
0,0.0,0.0,0.0,-1,0,0,984940,0.0,9.137612443397568
0,0.0,0.0,0.0,-1,0,0,140558,0.0,14.22900155096117
0,0.0,0.0,0.0,-1,0,0,194051,0.0,10.306568891683114
0,0.0,0.0,0.0,-1,0,0,8731780,0.0,0.2290483727258359
0,0.0,0.0,0.0,-1,0,0,696809,0.0,7.175567479754136
0,0.0,0.0,0.0,-1,0,0,22713726,0.0,0.1761049684230583
62844,0.0,0.0,1104.8784633690293,-1,19302,17,47064,0.0,42.49532551419344
0,0.0,0.0,0.0,-1,0,0,30287926,0.0,0.990493703662641
0,0.0,0.0,0.0,-1,0,0,61907,0.0,129.22609721033163
0,0.0,0.0,0.0,-1,0,0,6555498,0.0,0.915262272980634
0,0.0,0.0,0.0,-1,0,0,217478,0.0,9.196332502597963
50138,664.0,1470.0,231.60326168378012,-1,443,6,31104916,239.0332380420951,0.8037314744717523
0,0.0,0.0,0.0,-1,0,0,3228224,0.0,2.1683749330901447
0,0.0,0.0,0.0,-1,0,0,2264475,0.0,0.8832069243422869
0,0.0,0.0,0.0,-1,0,0,621476,0.0,8.045362974595962
0,0.0,0.0,0.0,-1,0,0,34805935,0.0,0.1149229290924091
0,0.0,0.0,0.0,-1,0,0,360,0.0,8333.333333333332
0,0.0,0.0,0.0,-1,0,0,109236301,0.0,0.4760322303480415
0,0.0,0.0,0.0,-1,0,0,4408671,0.0,0.4536514518774479
0,0.0,0.0,0.0,-1,0,0,3229164,0.0,0.6193553501773215
0,0.0,0.0,0.0,-1,0,0,7689849,0.0,0.2600831303709605
443,0.0,0.0,781.7110013911375,-1,50228,6,0,0.0,562.7871644774533
0,0.0,0.0,0.0,-1,0,0,52978,0.0,37.75151949865983
0,0.0,0.0,0.0,-1,0,0,58045069,0.0,0.0344559845384971
57367,0.0,0.0,5500.18528992998,-1,53,17,51271,0.0,39.008406311560144
0,0.0,0.0,0.0,-1,0,0,31468266,0.0,0.1588902292868631
0,0.0,0.0,0.0,-1,0,0,34637169,0.0,0.1154828791001943
0,0.0,0.0,0.0,-1,0,0,20574,0.0,97.2100709633518
0,0.0,0.0,0.0,-1,0,0,3710104,0.0,8.625095145580826
0,0.0,0.0,0.0,-1,0,0,1676926,0.0,1.7889877072691345
0,0.0,0.0,0.0,-1,0,0,58571491,0.0,0.0853657626711261
0,0.0,0.0,0.0,-1,0,0,35097104,0.0,0.1424618965712954
0,0.0,0.0,0.0,-1,0,0,401155,0.0,9.97120813650584
0,0.0,0.0,0.0,-1,0,0,1141607,0.0,4.379790943818669
0,0.0,0.0,0.0,-1,0,0,230606,0.0,8.672801228068654
0,0.0,0.0,0.0,-1,0,0,25193764,0.0,0.0793847239340655
0,0.0,0.0,0.0,-1,0,0,239218,0.0,12.540862309692416
0,0.0,0.0,0.0,-1,0,0,233876,0.0,21.3788503309446
0,0.0,0.0,0.0,-1,0,0,76679318,0.0,0.0652066310761918
0,0.0,0.0,0.0,-1,0,0,987412,0.0,5.063742389195189
0,0.0,0.0,0.0,-1,0,0,2287862,0.0,1.3112678998995568
0,0.0,0.0,0.0,-1,0,0,543931,0.0,9.192342411077874
0,0.0,0.0,0.0,-1,0,0,649453,0.0,6.159029213815319
0,0.0,0.0,0.0,-1,0,0,59468821,0.0,0.1849708774283586
0,0.0,0.0,0.0,-1,0,0,15246396,0.0,0.1967678131933605
0,0.0,0.0,0.0,-1,0,0,15995,0.0,125.03907471084716
0,0.0,0.0,0.0,-1,0,0,769918,0.0,2.597679233372905
0,0.0,0.0,0.0,-1,0,0,47467070,0.0,0.1474706570260182
0,0.0,0.0,0.0,-1,0,0,25956154,0.0,0.0770530179471118
0,0.0,0.0,0.0,-1,0,0,19469039,0.0,0.1027272070285544
0,0.0,0.0,0.0,-1,0,0,207655,0.0,14.447039560809998
0,0.0,0.0,0.0,-1,0,0,334003,0.0,11.975940335865246
0,0.0,0.0,0.0,-1,0,0,553299,0.0,9.036705289545074
0,0.0,0.0,0.0,-1,0,0,6165103,0.0,0.8110164582813945
0,0.0,0.0,0.0,-1,0,0,847141,0.0,8.263087254660086
0,0.0,0.0,0.0,-1,0,0,822586,0.0,7.294070164092265
0,0.0,0.0,0.0,-1,0,0,212835,0.0,23.492376723753143
0,0.0,0.0,0.0,-1,0,0,18624744,0.0,0.1073840263254088
0,0.0,0.0,0.0,-1,0,0,120308,0.0,33.247996808192305
0,0.0,0.0,0.0,-1,0,0,893,0.0,3359.4624860022395
62858,20.0,20.0,677.4802944433587,-1,19302,17,153510,0.0,26.056934401667643
0,0.0,0.0,0.0,-1,0,0,497806,0.0,12.052888072863723
0,0.0,0.0,0.0,-1,0,0,115121,0.0,34.7460498084624
0,0.0,0.0,0.0,-1,0,0,2066627,0.0,0.9677605102420516
0,0.0,0.0,0.0,-1,0,0,414867,0.0,9.64164418958365
62594,0.0,0.0,21895.994028365265,-1,53,17,4019,0.0,497.6362279173924
0,0.0,0.0,0.0,-1,0,0,1937987,0.0,1.0319986666577228
50037,0.0,0.0,0.0,-1,443,6,40014168,0.0,0.0999645925413218
0,0.0,0.0,0.0,-1,0,0,10353231,0.0,0.6761174361897268
0,0.0,0.0,0.0,-1,0,0,2788406,0.0,0.7172556650645565
0,0.0,0.0,0.0,-1,0,0,23417451,0.0,0.0854063920108127
0,0.0,0.0,0.0,-1,0,0,8272844,0.0,0.2417548306241481
0,0.0,0.0,0.0,-1,0,0,32814876,0.0,0.0914219514344652
0,0.0,0.0,0.0,-1,0,0,422,0.0,7109.004739336493
0,0.0,0.0,0.0,-1,0,0,2489,0.0,1607.0711128967455
0,0.0,0.0,0.0,-1,0,0,1137913,0.0,8.788018064649934
0,0.0,0.0,0.0,-1,0,0,12411253,0.0,0.8057204216206051
443,0.0,0.0,0.0,-1,50027,6,598487,0.0,5.01264020772381
0,0.0,0.0,0.0,-1,0,0,9904195,0.0,0.2019346347683986
0,0.0,0.0,0.0,-1,0,0,7878966,0.0,0.507680830200308
0,0.0,0.0,0.0,-1,0,0,92280,0.0,21.673168617251843
0,0.0,0.0,0.0,-1,0,0,28997885,0.0,0.0689705473347452
0,0.0,0.0,0.0,-1,0,0,23807,0.0,84.00890494392407
0,0.0,0.0,0.0,-1,0,0,58299345,0.0,0.0343057027484614
0,0.0,0.0,0.0,-1,0,0,211856,0.0,28.32112378219168
0,0.0,0.0,0.0,-1,0,0,274278,0.0,7.29187175055965
0,0.0,0.0,0.0,-1,0,0,675506,0.0,2.960743501908199
0,0.0,0.0,0.0,-1,0,0,39790,0.0,50.263885398341294
0,0.0,0.0,0.0,-1,0,0,13838210,0.0,0.1445273630043192
57375,0.0,0.0,1192.4964454432877,-1,19302,17,43606,0.0,45.86524790166491
57789,0.0,0.0,4723.696130451663,-1,53,17,30908,0.0,64.70816617057072
0,0.0,0.0,0.0,-1,0,0,161173,0.0,31.02256581437337
137,50.0,100.0,49.75429669813902,-1,137,17,3014815,0.0,0.9950859339627804
0,0.0,0.0,0.0,-1,0,0,10343442,0.0,0.1933592318688498
0,0.0,0.0,0.0,-1,0,0,11766857,0.0,0.2549533830486765
62867,0.0,0.0,1250.3606809656633,-1,19302,17,41588,0.0,48.09079542175628
0,0.0,0.0,0.0,-1,0,0,22364897,0.0,0.1341387800712876
0,0.0,0.0,0.0,-1,0,0,1694,0.0,1180.637544273908
0,0.0,0.0,0.0,-1,0,0,524934,0.0,3.81000278130203
0,0.0,0.0,0.0,-1,0,0,17731718,0.0,0.1127922291568137
0,0.0,0.0,0.0,-1,0,0,979496,0.0,5.104666073164157
0,0.0,0.0,0.0,-1,0,0,626,0.0,4792.332268370607
0,0.0,0.0,0.0,-1,0,0,1011434,0.0,1.9773905168305597
0,0.0,0.0,0.0,-1,0,0,39359931,0.0,0.0508130972079193
0,0.0,0.0,0.0,-1,0,0,928673,0.0,81.83720211527631
0,0.0,0.0,0.0,-1,0,0,13915556,0.0,0.2874480904679626
0,0.0,0.0,0.0,-1,0,0,207248,0.0,19.30054813556705
443,0.0,0.0,0.0,-1,49841,6,91005101,0.0,0.0879071602810484
0,0.0,0.0,0.0,-1,0,0,75603,0.0,39.6809650410698
0,0.0,0.0,0.0,-1,0,0,8570220,0.0,0.93346495189155
0,0.0,0.0,0.0,-1,0,0,1149719,0.0,3.479110982770573
63118,0.0,0.0,1256.2207083152148,-1,19302,17,41394,0.0,48.31618108904672
0,0.0,0.0,0.0,-1,0,0,59142891,0.0,0.1014492172863176
0,0.0,0.0,0.0,-1,0,0,170254,0.0,23.49430850376497
0,0.0,0.0,0.0,-1,0,0,35278,0.0,56.6925562673621
0,0.0,0.0,0.0,-1,0,0,23918917,0.0,0.2090395647930046
0,0.0,0.0,0.0,-1,0,0,840811,0.0,7.135967536105023
0,0.0,0.0,0.0,-1,0,0,901098,0.0,5.548786036590915
0,0.0,0.0,0.0,-1,0,0,20751434,0.0,0.0963788815751239
0,0.0,0.0,0.0,-1,0,0,17934533,0.0,0.1115167035573215
0,0.0,0.0,0.0,-1,0,0,2427351,0.0,3.295773870363207
0,0.0,0.0,0.0,-1,0,0,1334557,0.0,2.2479369558587607
0,0.0,0.0,0.0,-1,0,0,10235416,0.0,0.195399972018724
50224,655.0,1238.0,366.4330874474094,-1,443,6,20953348,254.00153105400327,0.9545013999672034
0,0.0,0.0,0.0,-1,0,0,40761,0.0,49.06650965383577
5353,424.0,2142.0,212.168151748884,-1,5353,17,10543524,167.1934294676165,0.8536045443629663
0,0.0,0.0,0.0,-1,0,0,1850,0.0,1081.081081081081
0,0.0,0.0,0.0,-1,0,0,54626,0.0,384.4323216050965
57227,175.0,525.0,231.4625756427964,-1,1900,17,3024247,0.0,1.3226432893874078
0,0.0,0.0,0.0,-1,0,0,205573,0.0,29.186712262797155
0,0.0,0.0,0.0,-1,0,0,20917029,0.0,0.3824634942180364
0,0.0,0.0,0.0,-1,0,0,357682,0.0,8.387338473839892
0,0.0,0.0,0.0,-1,0,0,2305186,0.0,0.8676089478246007
0,0.0,0.0,0.0,-1,0,0,58159271,0.0,0.0343883264974212
0,0.0,0.0,0.0,-1,0,0,80953,0.0,24.705693427050264
62835,0.0,0.0,560.2301252976223,-1,19302,17,92819,0.0,21.54731251144701
0,0.0,0.0,0.0,-1,0,0,7546162,0.0,0.3975530872515061
0,0.0,0.0,0.0,-1,0,0,1291454,0.0,10.840494512386812
0,0.0,0.0,0.0,-1,0,0,25986083,0.0,0.1154464102958495
0,0.0,0.0,0.0,-1,0,0,7095059,0.0,0.7047157747384483
0,0.0,0.0,0.0,-1,0,0,219681,0.0,18.20822010096458
0,0.0,0.0,0.0,-1,0,0,2285916,0.0,1.7498455761279068
0,0.0,0.0,0.0,-1,0,0,514699,0.0,5.828649365940093
0,0.0,0.0,0.0,-1,0,0,8549513,0.0,0.5848286329291505
0,0.0,0.0,0.0,-1,0,0,1801628,0.0,9.435910187896724
0,0.0,0.0,0.0,-1,0,0,14096210,0.0,0.1418821087370293
0,0.0,0.0,0.0,-1,0,0,4804204,0.0,1.45705719407419
0,0.0,0.0,0.0,-1,0,0,20082428,0.0,0.2987686548658359
63109,0.0,0.0,1216.4311780668102,-1,19302,17,42748,0.0,46.78581454103116
0,0.0,0.0,0.0,-1,0,0,847010,0.0,8.264365237718563
0,0.0,0.0,0.0,-1,0,0,52817620,0.0,0.0378661514850536
0,0.0,0.0,0.0,-1,0,0,4088,0.0,489.2367906066536
0,0.0,0.0,0.0,-1,0,0,21470488,0.0,0.2328777995171791
0,0.0,0.0,0.0,-1,0,0,529453,0.0,7.554967107561956
0,0.0,0.0,0.0,-1,0,0,1677522,0.0,1.192234736712842
0,0.0,0.0,0.0,-1,0,0,2621,0.0,1144.6012972148037
0,0.0,0.0,0.0,-1,0,0,737819,0.0,2.710691917665444
0,0.0,0.0,0.0,-1,0,0,477058,0.0,10.48090588565751
0,0.0,0.0,0.0,-1,0,0,383,0.0,5221.9321148825065
443,0.0,0.0,0.0,-1,50033,6,45,0.0,44444.444444444445
60671,0.0,0.0,1972.6858877086493,-1,53,17,138390,0.0,14.45191126526483
0,0.0,0.0,0.0,-1,0,0,281,0.0,7117.437722419929
0,0.0,0.0,0.0,-1,0,0,19216131,0.0,0.1040792238562486
0,0.0,0.0,0.0,-1,0,0,935423,0.0,4.27614031299209
0,0.0,0.0,0.0,-1,0,0,572585,0.0,6.985862361046832
0,0.0,0.0,0.0,-1,0,0,2586051,0.0,0.7733799526768808
0,0.0,0.0,0.0,-1,0,0,3360607,0.0,0.5951305820644901
0,0.0,0.0,0.0,-1,0,0,276,0.0,7246.376811594203
0,0.0,0.0,0.0,-1,0,0,340385,0.0,14.689248938701764
0,0.0,0.0,0.0,-1,0,0,654448,0.0,6.112021123145001
0,0.0,0.0,0.0,-1,0,0,1759112,0.0,2.2738745457935594
0,0.0,0.0,0.0,-1,0,0,487258,0.0,12.313805006793116
0,0.0,0.0,0.0,-1,0,0,402215,0.0,4.972464975199831
0,0.0,0.0,0.0,-1,0,0,58339687,0.0,0.0685639605848416
0,0.0,0.0,0.0,-1,0,0,12171560,0.0,0.2464762117592157
0,0.0,0.0,0.0,-1,0,0,109648,0.0,18.240186779512623
0,0.0,0.0,0.0,-1,0,0,2573669,0.0,1.554201414400997
0,0.0,0.0,0.0,-1,0,0,3284327,0.0,0.9134291439311616
0,0.0,0.0,0.0,-1,0,0,363,0.0,5509.641873278237
0,0.0,0.0,0.0,-1,0,0,39559167,0.0,0.0505571818537028
0,0.0,0.0,0.0,-1,0,0,7689141,0.0,0.2601070782809159
0,0.0,0.0,0.0,-1,0,0,477063,0.0,4.192318414968254
0,0.0,0.0,0.0,-1,0,0,10871,0.0,275.9635728083893
0,0.0,0.0,0.0,-1,0,0,2013256,0.0,0.9934156411305864
0,0.0,0.0,0.0,-1,0,0,8322,0.0,240.3268445085316
0,0.0,0.0,0.0,-1,0,0,76223035,0.0,0.0262387872642436
0,0.0,0.0,0.0,-1,0,0,1059357,0.0,1.8879376829529608
0,0.0,0.0,0.0,-1,0,0,58672364,0.0,0.0340875987202424
0,0.0,0.0,0.0,-1,0,0,362589,0.0,11.031774267834932
0,0.0,0.0,0.0,-1,0,0,817176,0.0,9.789812720882647
60684,0.0,0.0,1309.691718718517,-1,19302,17,39704,0.0,50.372758412250654
5353,61.0,305.0,3.658436493995561,-1,5353,17,100042737,0.0,0.0599743687540255
0,0.0,0.0,0.0,-1,0,0,4292433,0.0,0.4659362184569916
0,0.0,0.0,0.0,-1,0,0,1076302,0.0,1.858214516000156
0,0.0,0.0,0.0,-1,0,0,11852401,0.0,0.2531132721547305
0,0.0,0.0,0.0,-1,0,0,13288266,0.0,0.1505087270227733
0,0.0,0.0,0.0,-1,0,0,4637883,0.0,0.8624624640164488
0,0.0,0.0,0.0,-1,0,0,455638,0.0,4.389449519135805
0,0.0,0.0,0.0,-1,0,0,61198235,0.0,0.0326806810686615
0,0.0,0.0,0.0,-1,0,0,81611,0.0,24.506500349217628
0,0.0,0.0,0.0,-1,0,0,228845,0.0,13.109309794839302
0,0.0,0.0,0.0,-1,0,0,7083803,0.0,0.4235013311352673
0,0.0,0.0,0.0,-1,0,0,10184340,0.0,0.4909498308186882
0,0.0,0.0,0.0,-1,0,0,1897466,0.0,4.216149327576884
0,0.0,0.0,0.0,-1,0,0,38803441,0.0,0.0773127311054707
0,0.0,0.0,0.0,-1,0,0,64353,0.0,31.078582195080266
0,0.0,0.0,0.0,-1,0,0,5214,0.0,383.5826620636747
0,0.0,0.0,0.0,-1,0,0,70157,0.0,28.50749034308765
0,0.0,0.0,0.0,-1,0,0,26689936,0.0,0.0749346120575186
0,0.0,0.0,0.0,-1,0,0,7754474,0.0,0.257915623935292
0,0.0,0.0,0.0,-1,0,0,840886,0.0,29.730546114455468
0,0.0,0.0,0.0,-1,0,0,2410182,0.0,2.489438556922257
0,0.0,0.0,0.0,-1,0,0,58836093,0.0,0.067985479593283
0,0.0,0.0,0.0,-1,0,0,2322881,0.0,0.8609997670995629
0,0.0,0.0,0.0,-1,0,0,236855,0.0,8.443984716387662
0,0.0,0.0,0.0,-1,0,0,199708,0.0,15.021932020750295
0,0.0,0.0,0.0,-1,0,0,77867,0.0,25.684821554702246
0,0.0,0.0,0.0,-1,0,0,85659,0.0,23.34839304684855
0,0.0,0.0,0.0,-1,0,0,2497542,0.0,1.2011810011603408
0,0.0,0.0,0.0,-1,0,0,14854015,0.0,0.2019655965070723
63112,0.0,0.0,1086.048454469507,-1,19302,17,47880,0.0,41.77109440267335
0,0.0,0.0,0.0,-1,0,0,425523,0.0,4.700098467062885
0,0.0,0.0,0.0,-1,0,0,1658312,0.0,1.2060456657130865
0,0.0,0.0,0.0,-1,0,0,75120277,0.0,0.0665599249587431
0,0.0,0.0,0.0,-1,0,0,12842255,0.0,0.1557358890630968
0,0.0,0.0,0.0,-1,0,0,58073646,0.0,0.0344390293662636
0,0.0,0.0,0.0,-1,0,0,3358899,0.0,2.0840162207913964
0,0.0,0.0,0.0,-1,0,0,933139,0.0,24.64798920632403
0,0.0,0.0,0.0,-1,0,0,3630894,0.0,0.5508285287314915
0,0.0,0.0,0.0,-1,0,0,1490199,0.0,1.3421026319303664
0,0.0,0.0,0.0,-1,0,0,3711692,0.0,2.1553512522051936
0,0.0,0.0,0.0,-1,0,0,23015781,0.0,0.4344844956597388
0,0.0,0.0,0.0,-1,0,0,690066,0.0,7.245683746192394
443,0.0,0.0,781.7110013911375,-1,50178,6,0,0.0,562.7871644774533
0,0.0,0.0,0.0,-1,0,0,39366,0.0,101.61052685058172
0,0.0,0.0,0.0,-1,0,0,58741296,0.0,0.0851189936292859
0,0.0,0.0,0.0,-1,0,0,32266928,0.0,0.0929744535953345
0,0.0,0.0,0.0,-1,0,0,3758941,0.0,2.128258996350302
0,0.0,0.0,0.0,-1,0,0,23913144,0.0,1.7981742593111136
0,0.0,0.0,0.0,-1,0,0,58052680,0.0,0.0344514671846329
0,0.0,0.0,0.0,-1,0,0,1936767,0.0,1.0326487388519114
0,0.0,0.0,0.0,-1,0,0,40837830,0.0,0.0734612980170591
0,0.0,0.0,0.0,-1,0,0,2322389,0.0,0.8611821706010493
0,0.0,0.0,0.0,-1,0,0,21956339,0.0,0.0910898670311111
0,0.0,0.0,0.0,-1,0,0,412987,0.0,4.842767447885769
0,0.0,0.0,0.0,-1,0,0,99266,0.0,20.14788547941893
0,0.0,0.0,0.0,-1,0,0,3007790,0.0,0.6649400390319803
0,0.0,0.0,0.0,-1,0,0,311609,0.0,6.418299856550997
0,0.0,0.0,0.0,-1,0,0,51677533,0.0,0.5031199922024142
0,0.0,0.0,0.0,-1,0,0,67200,0.0,29.761904761904763
0,0.0,0.0,0.0,-1,0,0,51356,0.0,38.94384297842511
49991,54.0,54.0,197.1234576914653,-1,443,6,273940,38.18376618407357,14.601737606775206
0,0.0,0.0,0.0,-1,0,0,424426,0.0,4.712246657839057
0,0.0,0.0,0.0,-1,0,0,9244411,0.0,0.2163469365436045
62559,44.0,44.0,213.10602024507196,-1,5355,17,412940,0.0,4.843318641933453
0,0.0,0.0,0.0,-1,0,0,13880715,0.0,0.1440847967846036
0,0.0,0.0,0.0,-1,0,0,4403385,0.0,0.4541960332789433
0,0.0,0.0,0.0,-1,0,0,200535,0.0,9.973321365347696
50217,1366.0,2973.0,529.1885139669239,-1,443,6,33152647,353.49596513739874,1.628829215356469
0,0.0,0.0,0.0,-1,0,0,614,0.0,4885.99348534202
0,0.0,0.0,0.0,-1,0,0,19161,0.0,104.37868587234486
0,0.0,0.0,0.0,-1,0,0,107334,0.0,18.633424637114054
0,0.0,0.0,0.0,-1,0,0,174151,0.0,17.226429937238375
0,0.0,0.0,0.0,-1,0,0,8804593,0.0,1.022193757281001
0,0.0,0.0,0.0,-1,0,0,8889416,0.0,0.6749599748734899
0,0.0,0.0,0.0,-1,0,0,58425654,0.0,0.0855788452107014
0,0.0,0.0,0.0,-1,0,0,3554062,0.0,0.8441045766787411
0,0.0,0.0,0.0,-1,0,0,373627,0.0,8.029398303655785
63121,0.0,0.0,1147.7761836441894,-1,19302,17,45305,0.0,44.14523783246882
0,0.0,0.0,0.0,-1,0,0,33642864,0.0,0.1188959417961562
50039,0.0,0.0,0.0,-1,443,6,15982239,0.0,0.125138912013517
0,0.0,0.0,0.0,-1,0,0,85668,0.0,23.34594014100948
0,0.0,0.0,0.0,-1,0,0,12052294,0.0,0.2489152687446887
0,0.0,0.0,0.0,-1,0,0,4593294,0.0,3.047921600489757
0,0.0,0.0,0.0,-1,0,0,20970,0.0,95.37434430138292
0,0.0,0.0,0.0,-1,0,0,1295,0.0,5405.405405405406
0,0.0,0.0,0.0,-1,0,0,513684,0.0,3.89344421862468
0,0.0,0.0,0.0,-1,0,0,696178,0.0,2.8728285007569903
0,0.0,0.0,0.0,-1,0,0,2376063,0.0,1.2625927847872722
0,0.0,0.0,0.0,-1,0,0,25220875,0.0,0.079299389890319
0,0.0,0.0,0.0,-1,0,0,83880,0.0,47.68717215069147
0,0.0,0.0,0.0,-1,0,0,625808,0.0,3.1958683813565822
0,0.0,0.0,0.0,-1,0,0,1872161,0.0,1.0682841913702934
0,0.0,0.0,0.0,-1,0,0,5706020,0.0,1.051521025162898
50491,0.0,0.0,1449.939334135499,-1,53,17,198629,0.0,10.069023153718742
0,0.0,0.0,0.0,-1,0,0,880756,0.0,2.2707764693059147
0,0.0,0.0,0.0,-1,0,0,5865648,0.0,3.7506512494442217
0,0.0,0.0,0.0,-1,0,0,8251492,0.0,0.7271412248839361
0,0.0,0.0,0.0,-1,0,0,3258267,0.0,0.9207348569039924
0,0.0,0.0,0.0,-1,0,0,30930963,0.0,0.0969901907030828
0,0.0,0.0,0.0,-1,0,0,14742,0.0,135.666802333469
0,0.0,0.0,0.0,-1,0,0,94256774,0.0,0.1060931705555719
64232,90.0,90.0,429.23572195063787,-1,5355,17,419350,0.0,4.7692857994515325
0,0.0,0.0,0.0,-1,0,0,40560444,0.0,0.1232728122995892
0,0.0,0.0,0.0,-1,0,0,2398378,0.0,0.8338969086607698
0,0.0,0.0,0.0,-1,0,0,236307,0.0,16.927132924543073
0,0.0,0.0,0.0,-1,0,0,507916,0.0,11.812976948944312
0,0.0,0.0,0.0,-1,0,0,27986931,0.0,4.752218097797147
0,0.0,0.0,0.0,-1,0,0,50180,0.0,39.856516540454365
0,0.0,0.0,0.0,-1,0,0,218480,0.0,13.731233980227024
0,0.0,0.0,0.0,-1,0,0,2625275,0.0,0.7618249516717297
0,0.0,0.0,0.0,-1,0,0,3645228,0.0,2.7433126268096264
0,0.0,0.0,0.0,-1,0,0,34007303,0.0,0.1470272429424938
0,0.0,0.0,0.0,-1,0,0,242670,0.0,688.1773602010961
0,0.0,0.0,0.0,-1,0,0,30302284,0.0,0.0660016254880325
137,50.0,100.0,140.37885445239613,-1,137,17,2137074,0.0,2.807577089047922
0,0.0,0.0,0.0,-1,0,0,2854577,0.0,2.101887600159323
0,0.0,0.0,0.0,-1,0,0,3211510,0.0,0.6227600100887122
0,0.0,0.0,0.0,-1,0,0,56865,0.0,35.17101908027785
0,0.0,0.0,0.0,-1,0,0,102997,0.0,19.418041302173847
0,0.0,0.0,0.0,-1,0,0,218204,0.0,18.331469633920552
0,0.0,0.0,0.0,-1,0,0,221706,0.0,13.531433520067116
0,0.0,0.0,0.0,-1,0,0,1638263,0.0,2.441610412980089
0,0.0,0.0,0.0,-1,0,0,1974992,0.0,1.0126623297714623
0,0.0,0.0,0.0,-1,0,0,509249,0.0,11.78205553668245
0,0.0,0.0,0.0,-1,0,0,20020919,0.0,0.0998955142868316
0,0.0,0.0,0.0,-1,0,0,264588,0.0,18.89730448848776
0,0.0,0.0,0.0,-1,0,0,50833,0.0,59.01678043790451
0,0.0,0.0,0.0,-1,0,0,61798923,0.0,0.4369008178346409
0,0.0,0.0,0.0,-1,0,0,248464,0.0,20.123639641960203
0,0.0,0.0,0.0,-1,0,0,35736194,0.0,0.055965668867815
0,0.0,0.0,0.0,-1,0,0,6365226,0.0,0.3142072253208292
0,0.0,0.0,0.0,-1,0,0,94685458,0.0,0.1056128386684257
0,0.0,0.0,0.0,-1,0,0,59446571,0.0,1.2111716250210631
0,0.0,0.0,0.0,-1,0,0,17859078,0.0,0.1119878640991433
0,0.0,0.0,0.0,-1,0,0,224619,0.0,17.807932543551523
0,0.0,0.0,0.0,-1,0,0,80095,0.0,24.97034771209189
0,0.0,0.0,0.0,-1,0,0,1239994,0.0,8.06455515107331
0,0.0,0.0,0.0,-1,0,0,99,0.0,20202.020202020205
0,0.0,0.0,0.0,-1,0,0,371742,0.0,8.070113142986264
49753,0.0,0.0,1338.0267193643344,-1,53,17,145737,0.0,13.723350967839329
0,0.0,0.0,0.0,-1,0,0,74825845,0.0,0.0935505639795982
0,0.0,0.0,0.0,-1,0,0,58118294,0.0,0.0344125723993206
50574,0.0,0.0,1297.5670617592016,-1,19302,17,40075,0.0,49.90642545227698
0,0.0,0.0,0.0,-1,0,0,5027356,0.0,0.3978234284582194
0,0.0,0.0,0.0,-1,0,0,205065,0.0,19.506010289420427
0,0.0,0.0,0.0,-1,0,0,115538,0.0,17.31032214509512
0,0.0,0.0,0.0,-1,0,0,39801235,0.0,2.713483639389582
0,0.0,0.0,0.0,-1,0,0,443100,0.0,4.513653802753329
0,0.0,0.0,0.0,-1,0,0,263,0.0,7604.5627376425855
0,0.0,0.0,0.0,-1,0,0,8521303,0.0,0.234705889463149
0,0.0,0.0,0.0,-1,0,0,3276888,0.0,0.6103351716628703
0,0.0,0.0,0.0,-1,0,0,7716578,0.0,0.2591822437355003
0,0.0,0.0,0.0,-1,0,0,181644,0.0,27.52637026271168
0,0.0,0.0,0.0,-1,0,0,213262,0.0,18.75627162832572
0,0.0,0.0,0.0,-1,0,0,632184,0.0,9.490907710413424
0,0.0,0.0,0.0,-1,0,0,11081878,0.0,0.3609496513136131
0,0.0,0.0,0.0,-1,0,0,13883772,0.0,0.1440530714563736
0,0.0,0.0,0.0,-1,0,0,66702272,0.0,0.3298238476794314
0,0.0,0.0,0.0,-1,0,0,81679441,0.0,0.2326166752292048
0,0.0,0.0,0.0,-1,0,0,224096,0.0,8.924746537198343
0,0.0,0.0,0.0,-1,0,0,600,0.0,3333.333333333333
0,0.0,0.0,0.0,-1,0,0,35427075,0.0,0.0846809961025571
0,0.0,0.0,0.0,-1,0,0,222365,0.0,13.491331819306096
0,0.0,0.0,0.0,-1,0,0,7512,0.0,266.2406815761448
0,0.0,0.0,0.0,-1,0,0,3789129,0.0,0.5278257879317384
0,0.0,0.0,0.0,-1,0,0,23569347,0.0,0.0848559784027958
0,0.0,0.0,0.0,-1,0,0,20631231,0.0,0.436231846756987
0,0.0,0.0,0.0,-1,0,0,226938,0.0,8.812979756585499
0,0.0,0.0,0.0,-1,0,0,98781,0.0,30.3702128951924
