Src IP,Dst IP,Timestamp
192.168.140.130,20.189.173.1,25/09/2024 01:04:04 AM
20.189.173.1,192.168.140.130,25/09/2024 01:04:07 AM
192.168.140.130,52.178.17.235,25/09/2024 01:04:15 AM
52.178.17.235,192.168.140.130,25/09/2024 01:04:22 AM
192.168.140.130,34.120.208.123,25/09/2024 01:04:33 AM
192.168.140.130,44.235.70.79,25/09/2024 01:04:33 AM
44.235.70.79,192.168.140.130,25/09/2024 01:04:35 AM
192.168.140.130,54.69.161.86,25/09/2024 01:04:33 AM
192.168.140.130,34.120.208.123,25/09/2024 01:04:38 AM
54.69.161.86,192.168.140.130,25/09/2024 01:04:38 AM
192.168.140.130,34.120.158.37,25/09/2024 01:04:39 AM
34.120.158.37,192.168.140.130,25/09/2024 01:04:39 AM
192.168.140.130,34.120.158.37,25/09/2024 01:04:39 AM
34.120.158.37,192.168.140.130,25/09/2024 01:04:40 AM
192.168.140.130,34.120.158.37,25/09/2024 01:04:40 AM
34.120.158.37,192.168.140.130,25/09/2024 01:04:41 AM
192.168.140.130,34.120.158.37,25/09/2024 01:04:41 AM
34.120.158.37,192.168.140.130,25/09/2024 01:04:42 AM
192.168.140.130,34.120.158.37,25/09/2024 01:04:42 AM
34.120.158.37,192.168.140.130,25/09/2024 01:04:42 AM
192.168.140.130,34.120.158.37,25/09/2024 01:04:43 AM
34.120.158.37,192.168.140.130,25/09/2024 01:04:43 AM
192.168.140.130,34.120.158.37,25/09/2024 01:04:43 AM
34.120.158.37,192.168.140.130,25/09/2024 01:04:44 AM
192.168.140.130,34.120.158.37,25/09/2024 01:04:44 AM
34.120.158.37,192.168.140.130,25/09/2024 01:04:45 AM
192.168.140.130,34.120.158.37,25/09/2024 01:04:45 AM
34.120.158.37,192.168.140.130,25/09/2024 01:04:45 AM
192.168.140.130,34.120.158.37,25/09/2024 01:04:46 AM
34.120.158.37,192.168.140.130,25/09/2024 01:04:46 AM
192.168.140.130,34.120.158.37,25/09/2024 01:04:47 AM
192.168.140.130,34.120.158.37,25/09/2024 01:04:46 AM
192.168.140.130,20.42.73.28,25/09/2024 01:04:51 AM
20.42.73.28,192.168.140.130,25/09/2024 01:04:58 AM
192.168.140.130,192.168.140.2,25/09/2024 01:04:38 AM
192.168.140.130,192.168.140.2,25/09/2024 01:04:35 AM
192.168.140.130,192.168.140.2,25/09/2024 01:04:37 AM
192.168.140.130,34.107.221.82,25/09/2024 01:04:29 AM
192.168.140.130,142.250.201.138,25/09/2024 01:04:41 AM
192.168.140.130,192.168.140.2,25/09/2024 01:04:35 AM
192.168.140.130,192.168.140.2,25/09/2024 01:04:29 AM
192.168.140.130,192.229.221.95,25/09/2024 01:04:34 AM
192.168.140.130,192.168.140.2,25/09/2024 01:04:43 AM
192.168.140.130,192.178.24.196,25/09/2024 01:04:57 AM
192.168.140.130,192.168.140.2,25/09/2024 01:04:26 AM
192.168.140.130,192.168.140.2,25/09/2024 01:04:30 AM
192.168.140.130,192.168.140.2,25/09/2024 01:04:51 AM
192.168.140.130,192.168.140.2,25/09/2024 01:04:41 AM
192.168.140.130,192.168.140.2,25/09/2024 01:04:35 AM
192.168.140.130,192.168.140.2,25/09/2024 01:04:29 AM
34.120.208.123,192.168.140.130,25/09/2024 01:04:39 AM
192.168.140.130,192.168.140.2,25/09/2024 01:04:41 AM
192.168.140.130,142.250.181.163,25/09/2024 01:04:42 AM
192.168.140.130,192.168.140.2,25/09/2024 01:04:41 AM
192.168.140.130,34.120.158.37,25/09/2024 01:04:46 AM
192.168.140.130,192.168.140.2,25/09/2024 01:04:39 AM
192.168.140.130,142.250.181.163,25/09/2024 01:04:56 AM
192.168.140.130,192.168.140.2,25/09/2024 01:04:44 AM
192.168.140.130,192.168.140.2,25/09/2024 01:04:35 AM
192.168.140.130,192.168.140.2,25/09/2024 01:04:15 AM
192.168.140.130,192.168.140.2,25/09/2024 01:04:58 AM
192.168.140.130,192.168.140.2,25/09/2024 01:04:39 AM
192.168.140.130,192.168.140.2,25/09/2024 01:04:35 AM
192.168.140.130,142.250.181.174,25/09/2024 01:04:38 AM
192.168.140.130,185.125.190.56,25/09/2024 01:04:31 AM
192.168.140.130,142.250.181.163,25/09/2024 01:04:42 AM
192.168.140.130,34.117.188.166,25/09/2024 01:04:31 AM
192.168.140.130,192.168.140.2,25/09/2024 01:04:39 AM
192.168.140.130,192.168.140.2,25/09/2024 01:04:33 AM
192.168.140.130,192.168.140.2,25/09/2024 01:04:34 AM
192.168.140.130,192.168.140.2,25/09/2024 01:04:57 AM
192.168.140.130,192.168.140.2,25/09/2024 01:04:45 AM
192.168.140.130,192.178.24.226,25/09/2024 01:04:51 AM
192.168.140.130,192.168.140.2,25/09/2024 01:04:29 AM
192.168.140.130,192.168.140.2,25/09/2024 01:04:39 AM
192.168.140.130,192.168.140.2,25/09/2024 01:04:34 AM
192.168.140.130,192.168.140.2,25/09/2024 01:04:33 AM
192.168.140.130,192.178.24.174,25/09/2024 01:04:58 AM
192.168.140.130,192.229.221.95,25/09/2024 01:04:35 AM
192.168.140.130,142.250.181.163,25/09/2024 01:04:57 AM
192.168.140.130,192.178.24.174,25/09/2024 01:04:58 AM
192.168.140.130,192.168.140.2,25/09/2024 01:04:15 AM
192.168.140.130,192.168.140.2,25/09/2024 01:04:31 AM
192.168.140.130,192.168.140.2,25/09/2024 01:04:45 AM
192.168.140.130,192.168.140.2,25/09/2024 01:04:39 AM
192.168.140.130,192.168.140.2,25/09/2024 01:04:40 AM
192.168.140.130,192.168.140.2,25/09/2024 01:04:57 AM
34.120.158.37,192.168.140.130,25/09/2024 01:04:47 AM
192.168.140.130,192.168.140.2,25/09/2024 01:04:26 AM
192.168.140.130,192.168.140.2,25/09/2024 01:04:33 AM
192.168.140.130,192.168.140.2,25/09/2024 01:04:33 AM
192.168.140.130,101.50.113.11,25/09/2024 01:04:35 AM
192.168.140.130,34.120.208.123,25/09/2024 01:04:33 AM
192.168.140.130,192.168.140.2,25/09/2024 01:04:46 AM
192.168.140.130,192.168.140.2,25/09/2024 01:04:35 AM
192.168.140.130,192.168.140.2,25/09/2024 01:04:39 AM
192.168.140.130,192.168.140.2,25/09/2024 01:04:33 AM
192.168.140.130,192.168.140.2,25/09/2024 01:04:51 AM
192.168.140.130,192.168.140.2,25/09/2024 01:04:40 AM
192.168.140.130,192.168.140.2,25/09/2024 01:04:58 AM
192.168.140.130,192.168.140.2,25/09/2024 01:04:35 AM
192.168.140.130,192.168.140.2,25/09/2024 01:04:32 AM
192.168.140.130,192.168.140.2,25/09/2024 01:04:33 AM
192.168.140.130,192.168.140.2,25/09/2024 01:04:39 AM
192.168.140.130,192.168.140.2,25/09/2024 01:04:54 AM
192.168.140.130,192.168.140.2,25/09/2024 01:04:35 AM
192.168.140.130,192.168.140.2,25/09/2024 01:04:33 AM
192.168.140.130,192.168.140.2,25/09/2024 01:04:29 AM
192.168.140.130,192.178.24.196,25/09/2024 01:04:57 AM
192.168.140.130,192.168.140.2,25/09/2024 01:04:42 AM
192.168.140.130,192.168.140.2,25/09/2024 01:04:34 AM
192.168.140.130,142.250.181.174,25/09/2024 01:04:38 AM
192.168.140.130,192.168.140.2,25/09/2024 01:04:57 AM
192.168.140.130,34.107.243.93,25/09/2024 01:04:34 AM
192.168.140.130,192.178.24.226,25/09/2024 01:04:51 AM
192.168.140.130,192.168.140.2,25/09/2024 01:04:15 AM
192.168.140.130,192.168.140.2,25/09/2024 01:04:44 AM
192.168.140.130,142.250.181.163,25/09/2024 01:04:38 AM
192.168.140.130,34.160.144.191,25/09/2024 01:04:32 AM
192.168.140.130,192.168.140.2,25/09/2024 01:04:51 AM
192.168.140.130,192.168.140.2,25/09/2024 01:04:40 AM
192.168.140.130,192.168.140.2,25/09/2024 01:04:31 AM
192.168.140.130,192.168.140.2,25/09/2024 01:04:35 AM
192.168.140.130,192.168.140.2,25/09/2024 01:04:45 AM
192.168.140.130,34.117.188.166,25/09/2024 01:04:30 AM
192.168.140.130,192.168.140.2,25/09/2024 01:04:43 AM
192.168.140.130,192.168.140.2,25/09/2024 01:04:32 AM
192.168.140.130,192.168.140.2,25/09/2024 01:04:35 AM
192.168.140.130,13.107.5.93,25/09/2024 01:04:10 AM
192.168.140.130,192.168.140.2,25/09/2024 01:04:39 AM
192.168.140.130,20.42.73.30,25/09/2024 01:04:04 AM
192.168.140.130,192.168.140.2,25/09/2024 01:04:33 AM
192.168.140.130,192.168.140.2,25/09/2024 01:04:39 AM
192.168.140.130,101.50.113.9,25/09/2024 01:04:39 AM
192.168.140.130,192.168.140.2,25/09/2024 01:04:30 AM
192.168.140.130,192.168.140.2,25/09/2024 01:04:35 AM
192.168.140.130,192.168.140.2,25/09/2024 01:04:38 AM
192.168.140.130,192.168.140.2,25/09/2024 01:04:51 AM
34.120.208.123,192.168.140.130,25/09/2024 01:04:35 AM
192.168.140.130,192.168.140.2,25/09/2024 01:04:44 AM
192.168.140.130,192.168.140.2,25/09/2024 01:04:57 AM
192.168.140.130,101.50.113.11,25/09/2024 01:04:31 AM
192.168.140.130,142.250.181.182,25/09/2024 01:04:41 AM
192.168.140.130,192.168.140.2,25/09/2024 01:04:35 AM
192.168.140.130,192.168.140.2,25/09/2024 01:04:39 AM
192.168.140.130,192.168.140.2,25/09/2024 01:04:46 AM
192.168.140.130,142.250.181.163,25/09/2024 01:04:57 AM
192.168.140.130,142.250.201.138,25/09/2024 01:04:41 AM
34.120.158.37,192.168.140.130,25/09/2024 01:04:47 AM
192.168.140.130,192.168.140.2,25/09/2024 01:04:54 AM
192.168.140.130,192.168.140.2,25/09/2024 01:04:39 AM
192.168.140.130,34.107.221.82,25/09/2024 01:04:29 AM
192.168.140.130,142.250.181.182,25/09/2024 01:04:41 AM
192.168.140.130,192.178.24.174,25/09/2024 01:04:58 AM
192.168.140.130,192.168.140.2,25/09/2024 01:04:57 AM
192.168.140.130,192.168.140.2,25/09/2024 01:04:46 AM
192.168.140.130,192.168.140.2,25/09/2024 01:04:38 AM
192.168.140.130,192.168.140.2,25/09/2024 01:04:51 AM
192.168.140.130,192.168.140.2,25/09/2024 01:04:35 AM
192.168.140.130,192.168.140.2,25/09/2024 01:04:51 AM
192.168.140.130,192.168.140.2,25/09/2024 01:04:57 AM
